"estacion";"var_id";"variable";"units";"value";"ts"
Rio San Pedro;11;TC;ºC;16.9;2023-03-10 00:10:00.000
Rio San Pedro;11;TC;ºC;16.9;2023-03-10 00:20:00.000
Rio San Pedro;11;TC;ºC;16.9;2023-03-10 00:30:00.000
Rio San Pedro;11;TC;ºC;16.87;2023-03-10 00:40:00.000
Rio San Pedro;11;TC;ºC;16.8;2023-03-10 00:50:00.000
Rio San Pedro;11;TC;ºC;16.79;2023-03-10 01:00:00.000
Rio San Pedro;11;TC;ºC;16.7;2023-03-10 01:10:00.000
Rio San Pedro;11;TC;ºC;16.7;2023-03-10 01:20:00.000
Rio San Pedro;11;TC;ºC;16.69;2023-03-10 01:30:00.000
Rio San Pedro;11;TC;ºC;16.61;2023-03-10 01:40:00.000
Rio San Pedro;11;TC;ºC;16.61;2023-03-10 01:50:00.000
Rio San Pedro;11;TC;ºC;16.66;2023-03-10 02:00:00.000
Rio San Pedro;11;TC;ºC;16.6;2023-03-10 02:10:00.000
Rio San Pedro;11;TC;ºC;16.58;2023-03-10 02:20:00.000
Rio San Pedro;11;TC;ºC;16.45;2023-03-10 02:30:00.000
Rio San Pedro;11;TC;ºC;16.29;2023-03-10 02:40:00.000
Rio San Pedro;11;TC;ºC;16.19;2023-03-10 02:50:00.000
Rio San Pedro;11;TC;ºC;16.12;2023-03-10 03:00:00.000
Rio San Pedro;11;TC;ºC;16.11;2023-03-10 03:10:00.000
Rio San Pedro;11;TC;ºC;16.11;2023-03-10 03:20:00.000
Rio San Pedro;11;TC;ºC;15.97;2023-03-10 03:30:00.000
Rio San Pedro;11;TC;ºC;15.9;2023-03-10 03:40:00.000
Rio San Pedro;11;TC;ºC;15.77;2023-03-10 03:50:00.000
Rio San Pedro;11;TC;ºC;15.69;2023-03-10 04:00:00.000
Rio San Pedro;11;TC;ºC;15.5;2023-03-10 04:10:00.000
Rio San Pedro;11;TC;ºC;15.35;2023-03-10 04:20:00.000
Rio San Pedro;11;TC;ºC;15.08;2023-03-10 04:30:00.000
Rio San Pedro;11;TC;ºC;14.76;2023-03-10 04:40:00.000
Rio San Pedro;11;TC;ºC;14.51;2023-03-10 04:50:00.000
Rio San Pedro;11;TC;ºC;14.42;2023-03-10 05:00:00.000
Rio San Pedro;11;TC;ºC;14.5;2023-03-10 05:10:00.000
Rio San Pedro;11;TC;ºC;14.43;2023-03-10 05:20:00.000
Rio San Pedro;11;TC;ºC;14.4;2023-03-10 05:30:00.000
Rio San Pedro;11;TC;ºC;14.55;2023-03-10 05:40:00.000
Rio San Pedro;11;TC;ºC;14.28;2023-03-10 05:50:00.000
Rio San Pedro;11;TC;ºC;14.0;2023-03-10 06:00:00.000
Rio San Pedro;11;TC;ºC;13.97;2023-03-10 06:10:00.000
Rio San Pedro;11;TC;ºC;13.87;2023-03-10 06:20:00.000
Rio San Pedro;11;TC;ºC;13.93;2023-03-10 06:30:00.000
Rio San Pedro;11;TC;ºC;14.01;2023-03-10 06:40:00.000
Rio San Pedro;11;TC;ºC;13.91;2023-03-10 06:50:00.000
Rio San Pedro;11;TC;ºC;13.7;2023-03-10 07:00:00.000
Rio San Pedro;11;TC;ºC;13.6;2023-03-10 07:10:00.000
Rio San Pedro;11;TC;ºC;13.51;2023-03-10 07:20:00.000
Rio San Pedro;11;TC;ºC;13.59;2023-03-10 07:30:00.000
Rio San Pedro;11;TC;ºC;13.76;2023-03-10 07:40:00.000
Rio San Pedro;11;TC;ºC;13.79;2023-03-10 07:50:00.000
Rio San Pedro;11;TC;ºC;14.28;2023-03-10 08:00:00.000
Rio San Pedro;11;TC;ºC;14.8;2023-03-10 08:10:00.000
Rio San Pedro;11;TC;ºC;15.29;2023-03-10 08:20:00.000
Rio San Pedro;11;TC;ºC;15.59;2023-03-10 08:30:00.000
Rio San Pedro;11;TC;ºC;15.91;2023-03-10 08:40:00.000
Rio San Pedro;11;TC;ºC;15.97;2023-03-10 08:50:00.000
Rio San Pedro;11;TC;ºC;15.74;2023-03-10 09:00:00.000
Rio San Pedro;11;TC;ºC;15.61;2023-03-10 09:10:00.000
Rio San Pedro;11;TC;ºC;15.89;2023-03-10 09:20:00.000
Rio San Pedro;11;TC;ºC;16.2;2023-03-10 09:30:00.000
Rio San Pedro;11;TC;ºC;16.43;2023-03-10 09:40:00.000
Rio San Pedro;11;TC;ºC;16.82;2023-03-10 09:50:00.000
Rio San Pedro;11;TC;ºC;17.26;2023-03-10 10:00:00.000
Rio San Pedro;11;TC;ºC;17.82;2023-03-10 10:10:00.000
Rio San Pedro;11;TC;ºC;17.92;2023-03-10 10:20:00.000
Rio San Pedro;11;TC;ºC;18.09;2023-03-10 10:30:00.000
Rio San Pedro;11;TC;ºC;18.49;2023-03-10 10:40:00.000
Rio San Pedro;11;TC;ºC;18.8;2023-03-10 10:50:00.000
Rio San Pedro;11;TC;ºC;18.63;2023-03-10 11:00:00.000
Rio San Pedro;11;TC;ºC;18.86;2023-03-10 11:10:00.000
Rio San Pedro;11;TC;ºC;19.13;2023-03-10 11:20:00.000
Rio San Pedro;11;TC;ºC;19.67;2023-03-10 11:30:00.000
Rio San Pedro;11;TC;ºC;19.47;2023-03-10 11:40:00.000
Rio San Pedro;11;TC;ºC;19.98;2023-03-10 11:50:00.000
Rio San Pedro;11;TC;ºC;20.08;2023-03-10 12:00:00.000
Rio San Pedro;11;TC;ºC;19.66;2023-03-10 12:10:00.000
Rio San Pedro;11;TC;ºC;19.85;2023-03-10 12:20:00.000
Rio San Pedro;11;TC;ºC;20.04;2023-03-10 12:30:00.000
Rio San Pedro;11;TC;ºC;20.16;2023-03-10 12:40:00.000
Rio San Pedro;11;TC;ºC;20.09;2023-03-10 12:50:00.000
Rio San Pedro;11;TC;ºC;20.14;2023-03-10 13:00:00.000
Rio San Pedro;11;TC;ºC;19.99;2023-03-10 13:10:00.000
Rio San Pedro;11;TC;ºC;20.09;2023-03-10 13:20:00.000
Rio San Pedro;11;TC;ºC;19.98;2023-03-10 13:30:00.000
Rio San Pedro;11;TC;ºC;19.6;2023-03-10 13:40:00.000
Rio San Pedro;11;TC;ºC;19.87;2023-03-10 13:50:00.000
Rio San Pedro;11;TC;ºC;20.13;2023-03-10 14:00:00.000
Rio San Pedro;11;TC;ºC;19.89;2023-03-10 14:10:00.000
Rio San Pedro;11;TC;ºC;19.9;2023-03-10 14:20:00.000
Rio San Pedro;11;TC;ºC;19.61;2023-03-10 14:30:00.000
Rio San Pedro;11;TC;ºC;19.88;2023-03-10 14:40:00.000
Rio San Pedro;11;TC;ºC;20.41;2023-03-10 14:50:00.000
Rio San Pedro;11;TC;ºC;20.38;2023-03-10 15:00:00.000
Rio San Pedro;11;TC;ºC;20.42;2023-03-10 15:10:00.000
Rio San Pedro;11;TC;ºC;20.81;2023-03-10 15:20:00.000
Rio San Pedro;11;TC;ºC;20.7;2023-03-10 15:30:00.000
Rio San Pedro;11;TC;ºC;20.44;2023-03-10 15:40:00.000
Rio San Pedro;11;TC;ºC;20.23;2023-03-10 15:50:00.000
Rio San Pedro;11;TC;ºC;20.07;2023-03-10 16:00:00.000
Rio San Pedro;11;TC;ºC;19.96;2023-03-10 16:10:00.000
Rio San Pedro;11;TC;ºC;19.91;2023-03-10 16:20:00.000
Rio San Pedro;11;TC;ºC;19.85;2023-03-10 16:30:00.000
Rio San Pedro;11;TC;ºC;19.96;2023-03-10 16:40:00.000
Rio San Pedro;11;TC;ºC;20.09;2023-03-10 16:50:00.000
Rio San Pedro;11;TC;ºC;20.01;2023-03-10 17:00:00.000
Rio San Pedro;11;TC;ºC;19.89;2023-03-10 17:10:00.000
Rio San Pedro;11;TC;ºC;20.03;2023-03-10 17:20:00.000
Rio San Pedro;11;TC;ºC;19.68;2023-03-10 17:30:00.000
Rio San Pedro;11;TC;ºC;19.3;2023-03-10 17:40:00.000
Rio San Pedro;11;TC;ºC;19.21;2023-03-10 17:50:00.000
Rio San Pedro;11;TC;ºC;18.97;2023-03-10 18:00:00.000
Rio San Pedro;11;TC;ºC;18.68;2023-03-10 18:10:00.000
Rio San Pedro;11;TC;ºC;18.39;2023-03-10 18:20:00.000
Rio San Pedro;11;TC;ºC;17.98;2023-03-10 18:30:00.000
Rio San Pedro;11;TC;ºC;17.68;2023-03-10 18:40:00.000
Rio San Pedro;11;TC;ºC;17.52;2023-03-10 18:50:00.000
Rio San Pedro;11;TC;ºC;17.37;2023-03-10 19:00:00.000
Rio San Pedro;11;TC;ºC;17.17;2023-03-10 19:10:00.000
Rio San Pedro;11;TC;ºC;17.12;2023-03-10 19:20:00.000
Rio San Pedro;11;TC;ºC;17.09;2023-03-10 19:30:00.000
Rio San Pedro;11;TC;ºC;17.08;2023-03-10 19:40:00.000
Rio San Pedro;11;TC;ºC;17.05;2023-03-10 19:50:00.000
Rio San Pedro;11;TC;ºC;16.99;2023-03-10 20:00:00.000
Rio San Pedro;11;TC;ºC;16.96;2023-03-10 20:10:00.000
Rio San Pedro;11;TC;ºC;16.88;2023-03-10 20:20:00.000
Rio San Pedro;11;TC;ºC;16.81;2023-03-10 20:30:00.000
Rio San Pedro;11;TC;ºC;16.73;2023-03-10 20:40:00.000
Rio San Pedro;11;TC;ºC;16.74;2023-03-10 20:50:00.000
Rio San Pedro;11;TC;ºC;16.8;2023-03-10 21:00:00.000
Rio San Pedro;11;TC;ºC;16.79;2023-03-10 21:10:00.000
Rio San Pedro;11;TC;ºC;16.76;2023-03-10 21:20:00.000
Rio San Pedro;11;TC;ºC;16.79;2023-03-10 21:30:00.000
Rio San Pedro;11;TC;ºC;16.65;2023-03-10 21:40:00.000
Rio San Pedro;11;TC;ºC;16.62;2023-03-10 21:50:00.000
Rio San Pedro;11;TC;ºC;16.6;2023-03-10 22:00:00.000
Rio San Pedro;11;TC;ºC;16.53;2023-03-10 22:10:00.000
Rio San Pedro;11;TC;ºC;16.44;2023-03-10 22:20:00.000
Rio San Pedro;11;TC;ºC;16.38;2023-03-10 22:30:00.000
Rio San Pedro;11;TC;ºC;16.25;2023-03-10 22:40:00.000
Rio San Pedro;11;TC;ºC;16.22;2023-03-10 22:50:00.000
Rio San Pedro;11;TC;ºC;16.21;2023-03-10 23:00:00.000
Rio San Pedro;11;TC;ºC;16.1;2023-03-10 23:10:00.000
Rio San Pedro;11;TC;ºC;15.95;2023-03-10 23:20:00.000
Rio San Pedro;11;TC;ºC;15.74;2023-03-10 23:30:00.000
Rio San Pedro;11;TC;ºC;15.71;2023-03-10 23:40:00.000
Rio San Pedro;11;TC;ºC;15.74;2023-03-10 23:50:00.000
Rio San Pedro;11;TC;ºC;15.7;2023-03-11 00:00:00.000
Rio San Pedro;11;TC;ºC;15.7;2023-03-11 00:10:00.000
Rio San Pedro;11;TC;ºC;15.6;2023-03-11 00:20:00.000
Rio San Pedro;11;TC;ºC;15.54;2023-03-11 00:30:00.000
Rio San Pedro;11;TC;ºC;15.55;2023-03-11 00:40:00.000
Rio San Pedro;11;TC;ºC;15.66;2023-03-11 00:50:00.000
Rio San Pedro;11;TC;ºC;15.68;2023-03-11 01:00:00.000
Rio San Pedro;11;TC;ºC;15.56;2023-03-11 01:10:00.000
Rio San Pedro;11;TC;ºC;15.4;2023-03-11 01:20:00.000
Rio San Pedro;11;TC;ºC;15.27;2023-03-11 01:30:00.000
Rio San Pedro;11;TC;ºC;15.12;2023-03-11 01:40:00.000
Rio San Pedro;11;TC;ºC;15.03;2023-03-11 01:50:00.000
Rio San Pedro;11;TC;ºC;14.93;2023-03-11 02:00:00.000
Rio San Pedro;11;TC;ºC;14.95;2023-03-11 02:10:00.000
Rio San Pedro;11;TC;ºC;14.75;2023-03-11 02:20:00.000
Rio San Pedro;11;TC;ºC;14.62;2023-03-11 02:30:00.000
Rio San Pedro;11;TC;ºC;14.55;2023-03-11 02:40:00.000
Rio San Pedro;11;TC;ºC;14.53;2023-03-11 02:50:00.000
Rio San Pedro;11;TC;ºC;14.5;2023-03-11 03:00:00.000
Rio San Pedro;11;TC;ºC;14.52;2023-03-11 03:10:00.000
Rio San Pedro;11;TC;ºC;14.62;2023-03-11 03:20:00.000
Rio San Pedro;11;TC;ºC;14.6;2023-03-11 03:30:00.000
Rio San Pedro;11;TC;ºC;14.63;2023-03-11 03:40:00.000
Rio San Pedro;11;TC;ºC;14.44;2023-03-11 03:50:00.000
Rio San Pedro;11;TC;ºC;14.42;2023-03-11 04:00:00.000
Rio San Pedro;11;TC;ºC;14.33;2023-03-11 04:10:00.000
Rio San Pedro;11;TC;ºC;14.22;2023-03-11 04:20:00.000
Rio San Pedro;11;TC;ºC;14.13;2023-03-11 04:30:00.000
Rio San Pedro;11;TC;ºC;13.98;2023-03-11 04:40:00.000
Rio San Pedro;11;TC;ºC;13.9;2023-03-11 04:50:00.000
Rio San Pedro;11;TC;ºC;13.8;2023-03-11 05:00:00.000
Rio San Pedro;11;TC;ºC;13.66;2023-03-11 05:10:00.000
Rio San Pedro;11;TC;ºC;13.48;2023-03-11 05:20:00.000
Rio San Pedro;11;TC;ºC;13.48;2023-03-11 05:30:00.000
Rio San Pedro;11;TC;ºC;13.48;2023-03-11 05:40:00.000
Rio San Pedro;11;TC;ºC;13.39;2023-03-11 05:50:00.000
Rio San Pedro;11;TC;ºC;13.35;2023-03-11 06:00:00.000
Rio San Pedro;11;TC;ºC;13.26;2023-03-11 06:10:00.000
Rio San Pedro;11;TC;ºC;13.12;2023-03-11 06:20:00.000
Rio San Pedro;11;TC;ºC;12.97;2023-03-11 06:30:00.000
Rio San Pedro;11;TC;ºC;13.07;2023-03-11 06:40:00.000
Rio San Pedro;11;TC;ºC;13.16;2023-03-11 06:50:00.000
Rio San Pedro;11;TC;ºC;13.16;2023-03-11 07:00:00.000
Rio San Pedro;11;TC;ºC;13.56;2023-03-11 07:10:00.000
Rio San Pedro;11;TC;ºC;13.38;2023-03-11 07:20:00.000
Rio San Pedro;11;TC;ºC;13.33;2023-03-11 07:30:00.000
Rio San Pedro;11;TC;ºC;13.41;2023-03-11 07:40:00.000
Rio San Pedro;11;TC;ºC;13.62;2023-03-11 07:50:00.000
Rio San Pedro;11;TC;ºC;13.94;2023-03-11 08:00:00.000
Rio San Pedro;11;TC;ºC;14.5;2023-03-11 08:10:00.000
Rio San Pedro;11;TC;ºC;15.1;2023-03-11 08:20:00.000
Rio San Pedro;11;TC;ºC;15.49;2023-03-11 08:30:00.000
Rio San Pedro;11;TC;ºC;15.82;2023-03-11 08:40:00.000
Rio San Pedro;11;TC;ºC;16.16;2023-03-11 08:50:00.000
Rio San Pedro;11;TC;ºC;16.4;2023-03-11 09:00:00.000
Rio San Pedro;11;TC;ºC;16.93;2023-03-11 09:10:00.000
Rio San Pedro;11;TC;ºC;17.64;2023-03-11 09:20:00.000
Rio San Pedro;11;TC;ºC;18.18;2023-03-11 09:30:00.000
Rio San Pedro;11;TC;ºC;18.4;2023-03-11 09:40:00.000
Rio San Pedro;11;TC;ºC;18.71;2023-03-11 09:50:00.000
Rio San Pedro;11;TC;ºC;19.03;2023-03-11 10:00:00.000
Rio San Pedro;11;TC;ºC;19.29;2023-03-11 10:10:00.000
Rio San Pedro;11;TC;ºC;19.49;2023-03-11 10:20:00.000
Rio San Pedro;11;TC;ºC;19.84;2023-03-11 10:30:00.000
Rio San Pedro;11;TC;ºC;20.08;2023-03-11 10:40:00.000
Rio San Pedro;11;TC;ºC;20.39;2023-03-11 10:50:00.000
Rio San Pedro;11;TC;ºC;20.77;2023-03-11 11:00:00.000
Rio San Pedro;11;TC;ºC;21.14;2023-03-11 11:10:00.000
Rio San Pedro;11;TC;ºC;21.32;2023-03-11 11:20:00.000
Rio San Pedro;11;TC;ºC;21.79;2023-03-11 11:30:00.000
Rio San Pedro;11;TC;ºC;22.04;2023-03-11 11:40:00.000
Rio San Pedro;11;TC;ºC;22.14;2023-03-11 11:50:00.000
Rio San Pedro;11;TC;ºC;21.83;2023-03-11 12:00:00.000
Rio San Pedro;11;TC;ºC;22.17;2023-03-11 12:10:00.000
Rio San Pedro;11;TC;ºC;22.27;2023-03-11 12:20:00.000
Rio San Pedro;11;TC;ºC;22.4;2023-03-11 12:30:00.000
Rio San Pedro;11;TC;ºC;22.43;2023-03-11 12:40:00.000
Rio San Pedro;11;TC;ºC;22.61;2023-03-11 12:50:00.000
Rio San Pedro;11;TC;ºC;22.31;2023-03-11 13:00:00.000
Rio San Pedro;11;TC;ºC;21.28;2023-03-11 13:10:00.000
Rio San Pedro;11;TC;ºC;20.63;2023-03-11 13:20:00.000
Rio San Pedro;11;TC;ºC;20.34;2023-03-11 13:30:00.000
Rio San Pedro;11;TC;ºC;20.02;2023-03-11 13:40:00.000
Rio San Pedro;11;TC;ºC;20.26;2023-03-11 13:50:00.000
Rio San Pedro;11;TC;ºC;20.43;2023-03-11 14:00:00.000
Rio San Pedro;11;TC;ºC;20.73;2023-03-11 14:10:00.000
Rio San Pedro;11;TC;ºC;20.97;2023-03-11 14:20:00.000
Rio San Pedro;11;TC;ºC;21.19;2023-03-11 14:30:00.000
Rio San Pedro;11;TC;ºC;21.26;2023-03-11 14:40:00.000
Rio San Pedro;11;TC;ºC;21.37;2023-03-11 14:50:00.000
Rio San Pedro;11;TC;ºC;21.11;2023-03-11 15:00:00.000
Rio San Pedro;11;TC;ºC;21.12;2023-03-11 15:10:00.000
Rio San Pedro;11;TC;ºC;21.04;2023-03-11 15:20:00.000
Rio San Pedro;11;TC;ºC;20.86;2023-03-11 15:30:00.000
Rio San Pedro;11;TC;ºC;20.81;2023-03-11 15:40:00.000
Rio San Pedro;11;TC;ºC;20.77;2023-03-11 15:50:00.000
Rio San Pedro;11;TC;ºC;20.82;2023-03-11 16:00:00.000
Rio San Pedro;11;TC;ºC;20.88;2023-03-11 16:10:00.000
Rio San Pedro;11;TC;ºC;20.91;2023-03-11 16:20:00.000
Rio San Pedro;11;TC;ºC;20.98;2023-03-11 16:30:00.000
Rio San Pedro;11;TC;ºC;21.07;2023-03-11 16:40:00.000
Rio San Pedro;11;TC;ºC;21.18;2023-03-11 16:50:00.000
Rio San Pedro;11;TC;ºC;21.2;2023-03-11 17:00:00.000
Rio San Pedro;11;TC;ºC;21.09;2023-03-11 17:10:00.000
Rio San Pedro;11;TC;ºC;20.88;2023-03-11 17:20:00.000
Rio San Pedro;11;TC;ºC;20.52;2023-03-11 17:30:00.000
Rio San Pedro;11;TC;ºC;20.25;2023-03-11 17:40:00.000
Rio San Pedro;11;TC;ºC;20.08;2023-03-11 17:50:00.000
Rio San Pedro;11;TC;ºC;19.65;2023-03-11 18:00:00.000
Rio San Pedro;11;TC;ºC;19.29;2023-03-11 18:10:00.000
Rio San Pedro;11;TC;ºC;18.94;2023-03-11 18:20:00.000
Rio San Pedro;11;TC;ºC;18.78;2023-03-11 18:30:00.000
Rio San Pedro;11;TC;ºC;18.61;2023-03-11 18:40:00.000
Rio San Pedro;11;TC;ºC;18.48;2023-03-11 18:50:00.000
Rio San Pedro;11;TC;ºC;18.36;2023-03-11 19:00:00.000
Rio San Pedro;11;TC;ºC;18.25;2023-03-11 19:10:00.000
Rio San Pedro;11;TC;ºC;18.15;2023-03-11 19:20:00.000
Rio San Pedro;11;TC;ºC;18.07;2023-03-11 19:30:00.000
Rio San Pedro;11;TC;ºC;18.0;2023-03-11 19:40:00.000
Rio San Pedro;11;TC;ºC;17.96;2023-03-11 19:50:00.000
Rio San Pedro;11;TC;ºC;17.9;2023-03-11 20:00:00.000
Rio San Pedro;11;TC;ºC;17.88;2023-03-11 20:10:00.000
Rio San Pedro;11;TC;ºC;17.88;2023-03-11 20:20:00.000
Rio San Pedro;11;TC;ºC;17.83;2023-03-11 20:30:00.000
Rio San Pedro;11;TC;ºC;17.82;2023-03-11 20:40:00.000
Rio San Pedro;11;TC;ºC;17.84;2023-03-11 20:50:00.000
Rio San Pedro;11;TC;ºC;17.8;2023-03-11 21:00:00.000
Rio San Pedro;11;TC;ºC;17.8;2023-03-11 21:10:00.000
Rio San Pedro;11;TC;ºC;17.76;2023-03-11 21:20:00.000
Rio San Pedro;11;TC;ºC;17.72;2023-03-11 21:30:00.000
Rio San Pedro;11;TC;ºC;17.7;2023-03-11 21:40:00.000
Rio San Pedro;11;TC;ºC;17.62;2023-03-11 21:50:00.000
Rio San Pedro;11;TC;ºC;17.6;2023-03-11 22:00:00.000
Rio San Pedro;11;TC;ºC;17.6;2023-03-11 22:10:00.000
Rio San Pedro;11;TC;ºC;17.6;2023-03-11 22:20:00.000
Rio San Pedro;11;TC;ºC;17.6;2023-03-11 22:30:00.000
Rio San Pedro;11;TC;ºC;17.59;2023-03-11 22:40:00.000
Rio San Pedro;11;TC;ºC;17.56;2023-03-11 22:50:00.000
Rio San Pedro;11;TC;ºC;17.91;2023-03-11 23:00:00.000
Rio San Pedro;11;TC;ºC;17.78;2023-03-11 23:10:00.000
Rio San Pedro;11;TC;ºC;17.2;2023-03-11 23:20:00.000
Rio San Pedro;11;TC;ºC;17.19;2023-03-11 23:30:00.000
Rio San Pedro;11;TC;ºC;17.15;2023-03-11 23:40:00.000
Rio San Pedro;11;TC;ºC;17.2;2023-03-11 23:50:00.000
Rio San Pedro;11;TC;ºC;17.09;2023-03-12 00:00:00.000
Rio San Pedro;11;TC;ºC;17.11;2023-03-12 00:10:00.000
Rio San Pedro;11;TC;ºC;16.81;2023-03-12 00:20:00.000
Rio San Pedro;11;TC;ºC;16.57;2023-03-12 00:30:00.000
Rio San Pedro;11;TC;ºC;16.31;2023-03-12 00:40:00.000
Rio San Pedro;11;TC;ºC;16.06;2023-03-12 00:50:00.000
Rio San Pedro;11;TC;ºC;15.87;2023-03-12 01:00:00.000
Rio San Pedro;11;TC;ºC;15.7;2023-03-12 01:10:00.000
Rio San Pedro;11;TC;ºC;15.77;2023-03-12 01:20:00.000
Rio San Pedro;11;TC;ºC;15.67;2023-03-12 01:30:00.000
Rio San Pedro;11;TC;ºC;15.47;2023-03-12 01:40:00.000
Rio San Pedro;11;TC;ºC;15.29;2023-03-12 01:50:00.000
Rio San Pedro;11;TC;ºC;15.18;2023-03-12 02:00:00.000
Rio San Pedro;11;TC;ºC;15.09;2023-03-12 02:10:00.000
Rio San Pedro;11;TC;ºC;14.91;2023-03-12 02:20:00.000
Rio San Pedro;11;TC;ºC;14.78;2023-03-12 02:30:00.000
Rio San Pedro;11;TC;ºC;14.67;2023-03-12 02:40:00.000
Rio San Pedro;11;TC;ºC;14.66;2023-03-12 02:50:00.000
Rio San Pedro;11;TC;ºC;14.75;2023-03-12 03:00:00.000
Rio San Pedro;11;TC;ºC;14.79;2023-03-12 03:10:00.000
Rio San Pedro;11;TC;ºC;14.78;2023-03-12 03:20:00.000
Rio San Pedro;11;TC;ºC;14.8;2023-03-12 03:30:00.000
Rio San Pedro;11;TC;ºC;14.82;2023-03-12 03:40:00.000
Rio San Pedro;11;TC;ºC;14.75;2023-03-12 03:50:00.000
Rio San Pedro;11;TC;ºC;14.66;2023-03-12 04:00:00.000
Rio San Pedro;11;TC;ºC;14.58;2023-03-12 04:10:00.000
Rio San Pedro;11;TC;ºC;14.48;2023-03-12 04:20:00.000
Rio San Pedro;11;TC;ºC;14.45;2023-03-12 04:30:00.000
Rio San Pedro;11;TC;ºC;14.39;2023-03-12 04:40:00.000
Rio San Pedro;11;TC;ºC;14.35;2023-03-12 04:50:00.000
Rio San Pedro;11;TC;ºC;14.32;2023-03-12 05:00:00.000
Rio San Pedro;11;TC;ºC;14.2;2023-03-12 05:10:00.000
Rio San Pedro;11;TC;ºC;14.05;2023-03-12 05:20:00.000
Rio San Pedro;11;TC;ºC;13.96;2023-03-12 05:30:00.000
Rio San Pedro;11;TC;ºC;13.86;2023-03-12 05:40:00.000
Rio San Pedro;11;TC;ºC;13.9;2023-03-12 05:50:00.000
Rio San Pedro;11;TC;ºC;13.88;2023-03-12 06:00:00.000
Rio San Pedro;11;TC;ºC;13.92;2023-03-12 06:10:00.000
Rio San Pedro;11;TC;ºC;13.81;2023-03-12 06:20:00.000
Rio San Pedro;11;TC;ºC;13.75;2023-03-12 06:30:00.000
Rio San Pedro;11;TC;ºC;13.68;2023-03-12 06:40:00.000
Rio San Pedro;11;TC;ºC;13.6;2023-03-12 06:50:00.000
Rio San Pedro;11;TC;ºC;13.51;2023-03-12 07:00:00.000
Rio San Pedro;11;TC;ºC;13.55;2023-03-12 07:10:00.000
Rio San Pedro;11;TC;ºC;13.81;2023-03-12 07:20:00.000
Rio San Pedro;11;TC;ºC;14.18;2023-03-12 07:30:00.000
Rio San Pedro;11;TC;ºC;14.53;2023-03-12 07:40:00.000
Rio San Pedro;11;TC;ºC;14.95;2023-03-12 07:50:00.000
Rio San Pedro;11;TC;ºC;15.46;2023-03-12 08:00:00.000
Rio San Pedro;11;TC;ºC;15.98;2023-03-12 08:10:00.000
Rio San Pedro;11;TC;ºC;16.4;2023-03-12 08:20:00.000
Rio San Pedro;11;TC;ºC;16.66;2023-03-12 08:30:00.000
Rio San Pedro;11;TC;ºC;17.12;2023-03-12 08:40:00.000
Rio San Pedro;11;TC;ºC;17.45;2023-03-12 08:50:00.000
Rio San Pedro;11;TC;ºC;17.73;2023-03-12 09:00:00.000
Rio San Pedro;11;TC;ºC;17.82;2023-03-12 09:10:00.000
Rio San Pedro;11;TC;ºC;17.87;2023-03-12 09:20:00.000
Rio San Pedro;11;TC;ºC;17.92;2023-03-12 09:30:00.000
Rio San Pedro;11;TC;ºC;18.09;2023-03-12 09:40:00.000
Rio San Pedro;11;TC;ºC;18.68;2023-03-12 09:50:00.000
Rio San Pedro;11;TC;ºC;19.22;2023-03-12 10:00:00.000
Rio San Pedro;11;TC;ºC;19.52;2023-03-12 10:10:00.000
Rio San Pedro;11;TC;ºC;19.86;2023-03-12 10:20:00.000
Rio San Pedro;11;TC;ºC;19.88;2023-03-12 10:30:00.000
Rio San Pedro;11;TC;ºC;20.47;2023-03-12 10:40:00.000
Rio San Pedro;11;TC;ºC;21.15;2023-03-12 10:50:00.000
Rio San Pedro;11;TC;ºC;21.48;2023-03-12 11:00:00.000
Rio San Pedro;11;TC;ºC;21.55;2023-03-12 11:10:00.000
Rio San Pedro;11;TC;ºC;21.89;2023-03-12 11:20:00.000
Rio San Pedro;11;TC;ºC;22.08;2023-03-12 11:30:00.000
Rio San Pedro;11;TC;ºC;22.5;2023-03-12 11:40:00.000
Rio San Pedro;11;TC;ºC;22.64;2023-03-12 11:50:00.000
Rio San Pedro;11;TC;ºC;22.52;2023-03-12 12:00:00.000
Rio San Pedro;11;TC;ºC;23.05;2023-03-12 12:10:00.000
Rio San Pedro;11;TC;ºC;23.0;2023-03-12 12:20:00.000
Rio San Pedro;11;TC;ºC;22.47;2023-03-12 12:30:00.000
Rio San Pedro;11;TC;ºC;22.17;2023-03-12 12:40:00.000
Rio San Pedro;11;TC;ºC;22.11;2023-03-12 12:50:00.000
Rio San Pedro;11;TC;ºC;21.77;2023-03-12 13:00:00.000
Rio San Pedro;11;TC;ºC;21.64;2023-03-12 13:10:00.000
Rio San Pedro;11;TC;ºC;22.08;2023-03-12 13:20:00.000
Rio San Pedro;11;TC;ºC;22.57;2023-03-12 13:30:00.000
Rio San Pedro;11;TC;ºC;22.43;2023-03-12 13:40:00.000
Rio San Pedro;11;TC;ºC;22.39;2023-03-12 13:50:00.000
Rio San Pedro;11;TC;ºC;22.14;2023-03-12 14:00:00.000
Rio San Pedro;11;TC;ºC;22.28;2023-03-12 14:10:00.000
Rio San Pedro;11;TC;ºC;22.06;2023-03-12 14:20:00.000
Rio San Pedro;11;TC;ºC;21.79;2023-03-12 14:30:00.000
Rio San Pedro;11;TC;ºC;21.93;2023-03-12 14:40:00.000
Rio San Pedro;11;TC;ºC;21.87;2023-03-12 14:50:00.000
Rio San Pedro;11;TC;ºC;21.6;2023-03-12 15:00:00.000
Rio San Pedro;11;TC;ºC;21.51;2023-03-12 15:10:00.000
Rio San Pedro;11;TC;ºC;21.07;2023-03-12 15:20:00.000
Rio San Pedro;11;TC;ºC;20.97;2023-03-12 15:30:00.000
Rio San Pedro;11;TC;ºC;20.85;2023-03-12 15:40:00.000
Rio San Pedro;11;TC;ºC;20.8;2023-03-12 15:50:00.000
Rio San Pedro;11;TC;ºC;20.76;2023-03-12 16:00:00.000
Rio San Pedro;11;TC;ºC;20.64;2023-03-12 16:10:00.000
Rio San Pedro;11;TC;ºC;20.41;2023-03-12 16:20:00.000
Rio San Pedro;11;TC;ºC;20.27;2023-03-12 16:30:00.000
Rio San Pedro;11;TC;ºC;20.24;2023-03-12 16:40:00.000
Rio San Pedro;11;TC;ºC;20.4;2023-03-12 16:50:00.000
Rio San Pedro;11;TC;ºC;20.55;2023-03-12 17:00:00.000
Rio San Pedro;11;TC;ºC;20.72;2023-03-12 17:10:00.000
Rio San Pedro;11;TC;ºC;20.85;2023-03-12 17:20:00.000
Rio San Pedro;11;TC;ºC;20.58;2023-03-12 17:30:00.000
Rio San Pedro;11;TC;ºC;19.93;2023-03-12 17:40:00.000
Rio San Pedro;11;TC;ºC;19.58;2023-03-12 17:50:00.000
Rio San Pedro;11;TC;ºC;19.39;2023-03-12 18:00:00.000
Rio San Pedro;11;TC;ºC;19.23;2023-03-12 18:10:00.000
Rio San Pedro;11;TC;ºC;19.15;2023-03-12 18:20:00.000
Rio San Pedro;11;TC;ºC;19.14;2023-03-12 18:30:00.000
Rio San Pedro;11;TC;ºC;19.12;2023-03-12 18:40:00.000
Rio San Pedro;11;TC;ºC;18.99;2023-03-12 18:50:00.000
Rio San Pedro;11;TC;ºC;18.89;2023-03-12 19:00:00.000
Rio San Pedro;11;TC;ºC;18.81;2023-03-12 19:10:00.000
Rio San Pedro;11;TC;ºC;18.8;2023-03-12 19:20:00.000
Rio San Pedro;11;TC;ºC;18.8;2023-03-12 19:30:00.000
Rio San Pedro;11;TC;ºC;18.83;2023-03-12 19:40:00.000
Rio San Pedro;11;TC;ºC;18.82;2023-03-12 19:50:00.000
Rio San Pedro;11;TC;ºC;18.8;2023-03-12 20:00:00.000
Rio San Pedro;11;TC;ºC;18.68;2023-03-12 20:10:00.000
Rio San Pedro;11;TC;ºC;18.54;2023-03-12 20:20:00.000
Rio San Pedro;11;TC;ºC;18.4;2023-03-12 20:30:00.000
Rio San Pedro;11;TC;ºC;18.34;2023-03-12 20:40:00.000
Rio San Pedro;11;TC;ºC;18.48;2023-03-12 20:50:00.000
Rio San Pedro;11;TC;ºC;18.51;2023-03-12 21:00:00.000
Rio San Pedro;11;TC;ºC;18.45;2023-03-12 21:10:00.000
Rio San Pedro;11;TC;ºC;18.4;2023-03-12 21:20:00.000
Rio San Pedro;11;TC;ºC;18.4;2023-03-12 21:30:00.000
Rio San Pedro;11;TC;ºC;18.3;2023-03-12 21:40:00.000
Rio San Pedro;11;TC;ºC;18.26;2023-03-12 21:50:00.000
Rio San Pedro;11;TC;ºC;18.28;2023-03-12 22:00:00.000
Rio San Pedro;11;TC;ºC;18.1;2023-03-12 22:10:00.000
Rio San Pedro;11;TC;ºC;18.1;2023-03-12 22:20:00.000
Rio San Pedro;11;TC;ºC;18.0;2023-03-12 22:30:00.000
Rio San Pedro;11;TC;ºC;17.92;2023-03-12 22:40:00.000
Rio San Pedro;11;TC;ºC;17.9;2023-03-12 22:50:00.000
Rio San Pedro;11;TC;ºC;17.91;2023-03-12 23:00:00.000
Rio San Pedro;11;TC;ºC;17.78;2023-03-12 23:10:00.000
Rio San Pedro;11;TC;ºC;17.29;2023-03-12 23:20:00.000
Rio San Pedro;11;TC;ºC;17.03;2023-03-12 23:30:00.000
Rio San Pedro;11;TC;ºC;16.86;2023-03-12 23:40:00.000
Rio San Pedro;11;TC;ºC;16.77;2023-03-12 23:50:00.000
Rio San Pedro;11;TC;ºC;16.74;2023-03-13 00:00:00.000
Rio San Pedro;11;TC;ºC;16.8;2023-03-13 00:10:00.000
Rio San Pedro;11;TC;ºC;16.67;2023-03-13 00:20:00.000
Rio San Pedro;11;TC;ºC;16.75;2023-03-13 00:30:00.000
Rio San Pedro;11;TC;ºC;16.68;2023-03-13 00:40:00.000
Rio San Pedro;11;TC;ºC;16.47;2023-03-13 00:50:00.000
Rio San Pedro;11;TC;ºC;16.29;2023-03-13 01:00:00.000
Rio San Pedro;11;TC;ºC;16.03;2023-03-13 01:10:00.000
Rio San Pedro;11;TC;ºC;15.85;2023-03-13 01:20:00.000
Rio San Pedro;11;TC;ºC;15.66;2023-03-13 01:30:00.000
Rio San Pedro;11;TC;ºC;15.38;2023-03-13 01:40:00.000
Rio San Pedro;11;TC;ºC;15.19;2023-03-13 01:50:00.000
Rio San Pedro;11;TC;ºC;15.13;2023-03-13 02:00:00.000
Rio San Pedro;11;TC;ºC;15.14;2023-03-13 02:10:00.000
Rio San Pedro;11;TC;ºC;15.23;2023-03-13 02:20:00.000
Rio San Pedro;11;TC;ºC;15.3;2023-03-13 02:30:00.000
Rio San Pedro;11;TC;ºC;15.28;2023-03-13 02:40:00.000
Rio San Pedro;11;TC;ºC;15.1;2023-03-13 02:50:00.000
Rio San Pedro;11;TC;ºC;15.14;2023-03-13 03:00:00.000
Rio San Pedro;11;TC;ºC;15.06;2023-03-13 03:10:00.000
Rio San Pedro;11;TC;ºC;14.83;2023-03-13 03:20:00.000
Rio San Pedro;11;TC;ºC;15.07;2023-03-13 03:30:00.000
Rio San Pedro;11;TC;ºC;15.21;2023-03-13 03:40:00.000
Rio San Pedro;11;TC;ºC;15.09;2023-03-13 03:50:00.000
Rio San Pedro;11;TC;ºC;14.97;2023-03-13 04:00:00.000
Rio San Pedro;11;TC;ºC;15.03;2023-03-13 04:10:00.000
Rio San Pedro;11;TC;ºC;15.2;2023-03-13 04:20:00.000
Rio San Pedro;11;TC;ºC;15.04;2023-03-13 04:30:00.000
Rio San Pedro;11;TC;ºC;14.94;2023-03-13 04:40:00.000
Rio San Pedro;11;TC;ºC;14.65;2023-03-13 04:50:00.000
Rio San Pedro;11;TC;ºC;14.61;2023-03-13 05:00:00.000
Rio San Pedro;11;TC;ºC;14.46;2023-03-13 05:10:00.000
Rio San Pedro;11;TC;ºC;14.4;2023-03-13 05:20:00.000
Rio San Pedro;11;TC;ºC;14.49;2023-03-13 05:30:00.000
Rio San Pedro;11;TC;ºC;14.45;2023-03-13 05:40:00.000
Rio San Pedro;11;TC;ºC;14.5;2023-03-13 05:50:00.000
Rio San Pedro;11;TC;ºC;14.46;2023-03-13 06:00:00.000
Rio San Pedro;11;TC;ºC;14.5;2023-03-13 06:10:00.000
Rio San Pedro;11;TC;ºC;14.66;2023-03-13 06:20:00.000
Rio San Pedro;11;TC;ºC;15.13;2023-03-13 06:30:00.000
Rio San Pedro;11;TC;ºC;15.27;2023-03-13 06:40:00.000
Rio San Pedro;11;TC;ºC;14.72;2023-03-13 06:50:00.000
Rio San Pedro;11;TC;ºC;14.55;2023-03-13 07:00:00.000
Rio San Pedro;11;TC;ºC;14.58;2023-03-13 07:10:00.000
Rio San Pedro;11;TC;ºC;14.68;2023-03-13 07:20:00.000
Rio San Pedro;11;TC;ºC;14.69;2023-03-13 07:30:00.000
Rio San Pedro;11;TC;ºC;14.78;2023-03-13 07:40:00.000
Rio San Pedro;11;TC;ºC;14.7;2023-03-13 07:50:00.000
Rio San Pedro;11;TC;ºC;14.8;2023-03-13 08:00:00.000
Rio San Pedro;11;TC;ºC;14.98;2023-03-13 08:10:00.000
Rio San Pedro;11;TC;ºC;15.27;2023-03-13 08:20:00.000
Rio San Pedro;11;TC;ºC;15.69;2023-03-13 08:30:00.000
Rio San Pedro;11;TC;ºC;16.04;2023-03-13 08:40:00.000
Rio San Pedro;11;TC;ºC;16.39;2023-03-13 08:50:00.000
Rio San Pedro;11;TC;ºC;16.55;2023-03-13 09:00:00.000
Rio San Pedro;11;TC;ºC;16.43;2023-03-13 09:10:00.000
Rio San Pedro;11;TC;ºC;16.61;2023-03-13 09:20:00.000
Rio San Pedro;11;TC;ºC;16.73;2023-03-13 09:30:00.000
Rio San Pedro;11;TC;ºC;16.55;2023-03-13 09:40:00.000
Rio San Pedro;11;TC;ºC;16.75;2023-03-13 09:50:00.000
Rio San Pedro;11;TC;ºC;16.9;2023-03-13 10:00:00.000
Rio San Pedro;11;TC;ºC;17.03;2023-03-13 10:10:00.000
Rio San Pedro;11;TC;ºC;17.08;2023-03-13 10:20:00.000
Rio San Pedro;11;TC;ºC;17.06;2023-03-13 10:30:00.000
Rio San Pedro;11;TC;ºC;17.26;2023-03-13 10:40:00.000
Rio San Pedro;11;TC;ºC;17.43;2023-03-13 10:50:00.000
Rio San Pedro;11;TC;ºC;17.48;2023-03-13 11:00:00.000
Rio San Pedro;11;TC;ºC;17.76;2023-03-13 11:10:00.000
Rio San Pedro;11;TC;ºC;17.9;2023-03-13 11:20:00.000
Rio San Pedro;11;TC;ºC;18.32;2023-03-13 11:30:00.000
Rio San Pedro;11;TC;ºC;18.76;2023-03-13 11:40:00.000
Rio San Pedro;11;TC;ºC;18.9;2023-03-13 11:50:00.000
Rio San Pedro;11;TC;ºC;18.71;2023-03-13 12:00:00.000
Rio San Pedro;11;TC;ºC;18.77;2023-03-13 12:10:00.000
Rio San Pedro;11;TC;ºC;19.26;2023-03-13 12:20:00.000
Rio San Pedro;11;TC;ºC;19.34;2023-03-13 12:30:00.000
Rio San Pedro;11;TC;ºC;19.1;2023-03-13 12:40:00.000
Rio San Pedro;11;TC;ºC;19.24;2023-03-13 12:50:00.000
Rio San Pedro;11;TC;ºC;18.98;2023-03-13 13:00:00.000
Rio San Pedro;11;TC;ºC;19.22;2023-03-13 13:10:00.000
Rio San Pedro;11;TC;ºC;19.78;2023-03-13 13:20:00.000
Rio San Pedro;11;TC;ºC;19.86;2023-03-13 13:30:00.000
Rio San Pedro;11;TC;ºC;19.86;2023-03-13 13:40:00.000
Rio San Pedro;11;TC;ºC;19.76;2023-03-13 13:50:00.000
Rio San Pedro;11;TC;ºC;19.81;2023-03-13 14:00:00.000
Rio San Pedro;11;TC;ºC;19.8;2023-03-13 14:10:00.000
Rio San Pedro;11;TC;ºC;19.89;2023-03-13 14:20:00.000
Rio San Pedro;11;TC;ºC;19.95;2023-03-13 14:30:00.000
Rio San Pedro;11;TC;ºC;19.95;2023-03-13 14:40:00.000
Rio San Pedro;11;TC;ºC;20.26;2023-03-13 14:50:00.000
Rio San Pedro;11;TC;ºC;20.37;2023-03-13 15:00:00.000
Rio San Pedro;11;TC;ºC;20.3;2023-03-13 15:10:00.000
Rio San Pedro;11;TC;ºC;20.25;2023-03-13 15:20:00.000
Rio San Pedro;11;TC;ºC;20.27;2023-03-13 15:30:00.000
Rio San Pedro;11;TC;ºC;20.08;2023-03-13 15:40:00.000
Rio San Pedro;11;TC;ºC;19.81;2023-03-13 15:50:00.000
Rio San Pedro;11;TC;ºC;19.71;2023-03-13 16:00:00.000
Rio San Pedro;11;TC;ºC;19.78;2023-03-13 16:10:00.000
Rio San Pedro;11;TC;ºC;19.52;2023-03-13 16:20:00.000
Rio San Pedro;11;TC;ºC;19.54;2023-03-13 16:30:00.000
Rio San Pedro;11;TC;ºC;19.37;2023-03-13 16:40:00.000
Rio San Pedro;11;TC;ºC;19.25;2023-03-13 16:50:00.000
Rio San Pedro;11;TC;ºC;18.87;2023-03-13 17:00:00.000
Rio San Pedro;11;TC;ºC;19.12;2023-03-13 17:10:00.000
Rio San Pedro;11;TC;ºC;18.9;2023-03-13 17:20:00.000
Rio San Pedro;11;TC;ºC;18.89;2023-03-13 17:30:00.000
Rio San Pedro;11;TC;ºC;18.65;2023-03-13 17:40:00.000
Rio San Pedro;11;TC;ºC;18.46;2023-03-13 17:50:00.000
Rio San Pedro;11;TC;ºC;18.42;2023-03-13 18:00:00.000
Rio San Pedro;11;TC;ºC;18.16;2023-03-13 18:10:00.000
Rio San Pedro;11;TC;ºC;18.01;2023-03-13 18:20:00.000
Rio San Pedro;11;TC;ºC;17.82;2023-03-13 18:30:00.000
Rio San Pedro;11;TC;ºC;17.82;2023-03-13 18:40:00.000
Rio San Pedro;11;TC;ºC;17.73;2023-03-13 18:50:00.000
Rio San Pedro;11;TC;ºC;17.68;2023-03-13 19:00:00.000
Rio San Pedro;11;TC;ºC;17.61;2023-03-13 19:10:00.000
Rio San Pedro;11;TC;ºC;17.64;2023-03-13 19:20:00.000
Rio San Pedro;11;TC;ºC;17.67;2023-03-13 19:30:00.000
Rio San Pedro;11;TC;ºC;17.7;2023-03-13 19:40:00.000
Rio San Pedro;11;TC;ºC;17.71;2023-03-13 19:50:00.000
Rio San Pedro;11;TC;ºC;17.7;2023-03-13 20:00:00.000
Rio San Pedro;11;TC;ºC;17.69;2023-03-13 20:10:00.000
Rio San Pedro;11;TC;ºC;17.7;2023-03-13 20:20:00.000
Rio San Pedro;11;TC;ºC;17.61;2023-03-13 20:30:00.000
Rio San Pedro;11;TC;ºC;17.61;2023-03-13 20:40:00.000
Rio San Pedro;11;TC;ºC;17.6;2023-03-13 20:50:00.000
Rio San Pedro;11;TC;ºC;17.59;2023-03-13 21:00:00.000
Rio San Pedro;11;TC;ºC;17.5;2023-03-13 21:10:00.000
Rio San Pedro;11;TC;ºC;17.59;2023-03-13 21:20:00.000
Rio San Pedro;11;TC;ºC;17.66;2023-03-13 21:30:00.000
Rio San Pedro;11;TC;ºC;17.72;2023-03-13 21:40:00.000
Rio San Pedro;11;TC;ºC;17.71;2023-03-13 21:50:00.000
Rio San Pedro;11;TC;ºC;17.49;2023-03-13 22:00:00.000
Rio San Pedro;11;TC;ºC;17.56;2023-03-13 22:10:00.000
Rio San Pedro;11;TC;ºC;17.64;2023-03-13 22:20:00.000
Rio San Pedro;11;TC;ºC;17.57;2023-03-13 22:30:00.000
Rio San Pedro;11;TC;ºC;17.5;2023-03-13 22:40:00.000
Rio San Pedro;11;TC;ºC;17.33;2023-03-13 22:50:00.000
Rio San Pedro;11;TC;ºC;15.47;2023-03-13 23:00:00.000
Rio San Pedro;11;TC;ºC;17.18;2023-03-13 23:10:00.000
Rio San Pedro;11;TC;ºC;17.13;2023-03-13 23:20:00.000
Rio San Pedro;11;TC;ºC;16.98;2023-03-13 23:30:00.000
Rio San Pedro;11;TC;ºC;16.88;2023-03-13 23:40:00.000
Rio San Pedro;11;TC;ºC;16.76;2023-03-13 23:50:00.000
Rio San Pedro;11;TC;ºC;16.67;2023-03-14 00:00:00.000
Rio San Pedro;11;TC;ºC;16.6;2023-03-14 00:10:00.000
Rio San Pedro;11;TC;ºC;16.53;2023-03-14 00:20:00.000
Rio San Pedro;11;TC;ºC;16.46;2023-03-14 00:30:00.000
Rio San Pedro;11;TC;ºC;16.36;2023-03-14 00:40:00.000
Rio San Pedro;11;TC;ºC;16.22;2023-03-14 00:50:00.000
Rio San Pedro;11;TC;ºC;16.13;2023-03-14 01:00:00.000
Rio San Pedro;11;TC;ºC;16.09;2023-03-14 01:10:00.000
Rio San Pedro;11;TC;ºC;15.98;2023-03-14 01:20:00.000
Rio San Pedro;11;TC;ºC;15.85;2023-03-14 01:30:00.000
Rio San Pedro;11;TC;ºC;15.74;2023-03-14 01:40:00.000
Rio San Pedro;11;TC;ºC;15.64;2023-03-14 01:50:00.000
Rio San Pedro;11;TC;ºC;15.53;2023-03-14 02:00:00.000
Rio San Pedro;11;TC;ºC;15.4;2023-03-14 02:10:00.000
Rio San Pedro;11;TC;ºC;15.3;2023-03-14 02:20:00.000
Rio San Pedro;11;TC;ºC;15.12;2023-03-14 02:30:00.000
Rio San Pedro;11;TC;ºC;15.0;2023-03-14 02:40:00.000
Rio San Pedro;11;TC;ºC;14.91;2023-03-14 02:50:00.000
Rio San Pedro;11;TC;ºC;14.86;2023-03-14 03:00:00.000
Rio San Pedro;11;TC;ºC;14.81;2023-03-14 03:10:00.000
Rio San Pedro;11;TC;ºC;14.69;2023-03-14 03:20:00.000
Rio San Pedro;11;TC;ºC;14.4;2023-03-14 03:30:00.000
Rio San Pedro;11;TC;ºC;14.36;2023-03-14 03:40:00.000
Rio San Pedro;11;TC;ºC;14.41;2023-03-14 03:50:00.000
Rio San Pedro;11;TC;ºC;14.32;2023-03-14 04:00:00.000
Rio San Pedro;11;TC;ºC;14.04;2023-03-14 04:10:00.000
Rio San Pedro;11;TC;ºC;13.83;2023-03-14 04:20:00.000
Rio San Pedro;11;TC;ºC;13.48;2023-03-14 04:30:00.000
Rio San Pedro;11;TC;ºC;13.28;2023-03-14 04:40:00.000
Rio San Pedro;11;TC;ºC;13.11;2023-03-14 04:50:00.000
Rio San Pedro;11;TC;ºC;13.0;2023-03-14 05:00:00.000
Rio San Pedro;11;TC;ºC;12.9;2023-03-14 05:10:00.000
Rio San Pedro;11;TC;ºC;12.8;2023-03-14 05:20:00.000
Rio San Pedro;11;TC;ºC;12.71;2023-03-14 05:30:00.000
Rio San Pedro;11;TC;ºC;12.6;2023-03-14 05:40:00.000
Rio San Pedro;11;TC;ºC;12.56;2023-03-14 05:50:00.000
Rio San Pedro;11;TC;ºC;12.51;2023-03-14 06:00:00.000
Rio San Pedro;11;TC;ºC;12.26;2023-03-14 06:10:00.000
Rio San Pedro;11;TC;ºC;12.08;2023-03-14 06:20:00.000
Rio San Pedro;11;TC;ºC;12.0;2023-03-14 06:30:00.000
Rio San Pedro;11;TC;ºC;11.94;2023-03-14 06:40:00.000
Rio San Pedro;11;TC;ºC;11.82;2023-03-14 06:50:00.000
Rio San Pedro;11;TC;ºC;11.73;2023-03-14 07:00:00.000
Rio San Pedro;11;TC;ºC;11.92;2023-03-14 07:10:00.000
Rio San Pedro;11;TC;ºC;12.43;2023-03-14 07:20:00.000
Rio San Pedro;11;TC;ºC;12.77;2023-03-14 07:30:00.000
Rio San Pedro;11;TC;ºC;13.29;2023-03-14 07:40:00.000
Rio San Pedro;11;TC;ºC;13.7;2023-03-14 07:50:00.000
Rio San Pedro;11;TC;ºC;14.08;2023-03-14 08:00:00.000
Rio San Pedro;11;TC;ºC;14.29;2023-03-14 08:10:00.000
Rio San Pedro;11;TC;ºC;14.6;2023-03-14 08:20:00.000
Rio San Pedro;11;TC;ºC;15.01;2023-03-14 08:30:00.000
Rio San Pedro;11;TC;ºC;15.33;2023-03-14 08:40:00.000
Rio San Pedro;11;TC;ºC;15.39;2023-03-14 08:50:00.000
Rio San Pedro;11;TC;ºC;15.7;2023-03-14 09:00:00.000
Rio San Pedro;11;TC;ºC;16.32;2023-03-14 09:10:00.000
Rio San Pedro;11;TC;ºC;16.62;2023-03-14 09:20:00.000
Rio San Pedro;11;TC;ºC;16.83;2023-03-14 09:30:00.000
Rio San Pedro;11;TC;ºC;16.95;2023-03-14 09:40:00.000
Rio San Pedro;11;TC;ºC;17.27;2023-03-14 09:50:00.000
Rio San Pedro;11;TC;ºC;17.79;2023-03-14 10:00:00.000
Rio San Pedro;11;TC;ºC;18.13;2023-03-14 10:10:00.000
Rio San Pedro;11;TC;ºC;18.1;2023-03-14 10:20:00.000
Rio San Pedro;11;TC;ºC;17.85;2023-03-14 10:30:00.000
Rio San Pedro;11;TC;ºC;17.83;2023-03-14 10:40:00.000
Rio San Pedro;11;TC;ºC;17.73;2023-03-14 10:50:00.000
Rio San Pedro;11;TC;ºC;18.06;2023-03-14 11:00:00.000
Rio San Pedro;11;TC;ºC;18.26;2023-03-14 11:10:00.000
Rio San Pedro;11;TC;ºC;18.56;2023-03-14 11:20:00.000
Rio San Pedro;11;TC;ºC;18.87;2023-03-14 11:30:00.000
Rio San Pedro;11;TC;ºC;19.03;2023-03-14 11:40:00.000
Rio San Pedro;11;TC;ºC;19.34;2023-03-14 11:50:00.000
Rio San Pedro;11;TC;ºC;19.58;2023-03-14 12:00:00.000
Rio San Pedro;11;TC;ºC;19.75;2023-03-14 12:10:00.000
Rio San Pedro;11;TC;ºC;20.03;2023-03-14 12:20:00.000
Rio San Pedro;11;TC;ºC;19.67;2023-03-14 12:30:00.000
Rio San Pedro;11;TC;ºC;19.74;2023-03-14 12:40:00.000
Rio San Pedro;11;TC;ºC;19.86;2023-03-14 12:50:00.000
Rio San Pedro;11;TC;ºC;19.98;2023-03-14 13:00:00.000
Rio San Pedro;11;TC;ºC;20.37;2023-03-14 13:10:00.000
Rio San Pedro;11;TC;ºC;19.94;2023-03-14 13:20:00.000
Rio San Pedro;11;TC;ºC;19.07;2023-03-14 13:30:00.000
Rio San Pedro;11;TC;ºC;18.92;2023-03-14 13:40:00.000
Rio San Pedro;11;TC;ºC;18.78;2023-03-14 13:50:00.000
Rio San Pedro;11;TC;ºC;18.9;2023-03-14 14:00:00.000
Rio San Pedro;11;TC;ºC;18.88;2023-03-14 14:10:00.000
Rio San Pedro;11;TC;ºC;18.89;2023-03-14 14:20:00.000
Rio San Pedro;11;TC;ºC;18.99;2023-03-14 14:30:00.000
Rio San Pedro;11;TC;ºC;18.84;2023-03-14 14:40:00.000
Rio San Pedro;11;TC;ºC;18.96;2023-03-14 14:50:00.000
Rio San Pedro;11;TC;ºC;19.12;2023-03-14 15:00:00.000
Rio San Pedro;11;TC;ºC;19.13;2023-03-14 15:10:00.000
Rio San Pedro;11;TC;ºC;18.97;2023-03-14 15:20:00.000
Rio San Pedro;11;TC;ºC;19.27;2023-03-14 15:30:00.000
Rio San Pedro;11;TC;ºC;19.18;2023-03-14 15:40:00.000
Rio San Pedro;11;TC;ºC;19.23;2023-03-14 15:50:00.000
Rio San Pedro;11;TC;ºC;19.28;2023-03-14 16:00:00.000
Rio San Pedro;11;TC;ºC;19.4;2023-03-14 16:10:00.000
Rio San Pedro;11;TC;ºC;19.61;2023-03-14 16:20:00.000
Rio San Pedro;11;TC;ºC;19.39;2023-03-14 16:30:00.000
Rio San Pedro;11;TC;ºC;19.52;2023-03-14 16:40:00.000
Rio San Pedro;11;TC;ºC;19.31;2023-03-14 16:50:00.000
Rio San Pedro;11;TC;ºC;19.28;2023-03-14 17:00:00.000
Rio San Pedro;11;TC;ºC;19.15;2023-03-14 17:10:00.000
Rio San Pedro;11;TC;ºC;19.08;2023-03-14 17:20:00.000
Rio San Pedro;11;TC;ºC;19.02;2023-03-14 17:30:00.000
Rio San Pedro;11;TC;ºC;19.0;2023-03-14 17:40:00.000
Rio San Pedro;11;TC;ºC;18.94;2023-03-14 17:50:00.000
Rio San Pedro;11;TC;ºC;18.87;2023-03-14 18:00:00.000
Rio San Pedro;11;TC;ºC;18.76;2023-03-14 18:10:00.000
Rio San Pedro;11;TC;ºC;18.54;2023-03-14 18:20:00.000
Rio San Pedro;11;TC;ºC;18.28;2023-03-14 18:30:00.000
Rio San Pedro;11;TC;ºC;18.09;2023-03-14 18:40:00.000
Rio San Pedro;11;TC;ºC;17.98;2023-03-14 18:50:00.000
Rio San Pedro;11;TC;ºC;17.9;2023-03-14 19:00:00.000
Rio San Pedro;11;TC;ºC;17.81;2023-03-14 19:10:00.000
Rio San Pedro;11;TC;ºC;17.71;2023-03-14 19:20:00.000
Rio San Pedro;11;TC;ºC;17.6;2023-03-14 19:30:00.000
Rio San Pedro;11;TC;ºC;17.55;2023-03-14 19:40:00.000
Rio San Pedro;11;TC;ºC;17.45;2023-03-14 19:50:00.000
Rio San Pedro;11;TC;ºC;17.34;2023-03-14 20:00:00.000
Rio San Pedro;11;TC;ºC;17.3;2023-03-14 20:10:00.000
Rio San Pedro;11;TC;ºC;17.22;2023-03-14 20:20:00.000
Rio San Pedro;11;TC;ºC;17.28;2023-03-14 20:30:00.000
Rio San Pedro;11;TC;ºC;17.26;2023-03-14 20:40:00.000
Rio San Pedro;11;TC;ºC;17.2;2023-03-14 20:50:00.000
Rio San Pedro;11;TC;ºC;17.21;2023-03-14 21:00:00.000
Rio San Pedro;11;TC;ºC;17.29;2023-03-14 21:10:00.000
Rio San Pedro;11;TC;ºC;17.22;2023-03-14 21:20:00.000
Rio San Pedro;11;TC;ºC;17.27;2023-03-14 21:30:00.000
Rio San Pedro;11;TC;ºC;17.15;2023-03-14 21:40:00.000
Rio San Pedro;11;TC;ºC;17.12;2023-03-14 21:50:00.000
Rio San Pedro;11;TC;ºC;17.0;2023-03-14 22:00:00.000
Rio San Pedro;11;TC;ºC;16.78;2023-03-14 22:10:00.000
Rio San Pedro;11;TC;ºC;16.46;2023-03-14 22:20:00.000
Rio San Pedro;11;TC;ºC;16.32;2023-03-14 22:30:00.000
Rio San Pedro;11;TC;ºC;15.94;2023-03-14 22:40:00.000
Rio San Pedro;11;TC;ºC;15.64;2023-03-14 22:50:00.000
Rio San Pedro;11;TC;ºC;15.47;2023-03-14 23:00:00.000
Rio San Pedro;11;TC;ºC;15.26;2023-03-14 23:10:00.000
Rio San Pedro;11;TC;ºC;14.87;2023-03-14 23:20:00.000
Rio San Pedro;11;TC;ºC;14.52;2023-03-14 23:30:00.000
Rio San Pedro;11;TC;ºC;14.24;2023-03-14 23:40:00.000
Rio San Pedro;11;TC;ºC;14.02;2023-03-14 23:50:00.000
Rio San Pedro;11;TC;ºC;13.76;2023-03-15 00:00:00.000
Rio San Pedro;11;TC;ºC;13.47;2023-03-15 00:10:00.000
Rio San Pedro;11;TC;ºC;13.41;2023-03-15 00:20:00.000
Rio San Pedro;11;TC;ºC;13.48;2023-03-15 00:30:00.000
Rio San Pedro;11;TC;ºC;13.78;2023-03-15 00:40:00.000
Rio San Pedro;11;TC;ºC;14.24;2023-03-15 00:50:00.000
Rio San Pedro;11;TC;ºC;14.45;2023-03-15 01:00:00.000
Rio San Pedro;11;TC;ºC;14.55;2023-03-15 01:10:00.000
Rio San Pedro;11;TC;ºC;14.6;2023-03-15 01:20:00.000
Rio San Pedro;11;TC;ºC;14.7;2023-03-15 01:30:00.000
Rio San Pedro;11;TC;ºC;14.74;2023-03-15 01:40:00.000
Rio San Pedro;11;TC;ºC;14.68;2023-03-15 01:50:00.000
Rio San Pedro;11;TC;ºC;14.62;2023-03-15 02:00:00.000
Rio San Pedro;11;TC;ºC;14.2;2023-03-15 02:10:00.000
Rio San Pedro;11;TC;ºC;13.75;2023-03-15 02:20:00.000
Rio San Pedro;11;TC;ºC;13.5;2023-03-15 02:30:00.000
Rio San Pedro;11;TC;ºC;13.3;2023-03-15 02:40:00.000
Rio San Pedro;11;TC;ºC;13.24;2023-03-15 02:50:00.000
Rio San Pedro;11;TC;ºC;13.04;2023-03-15 03:00:00.000
Rio San Pedro;11;TC;ºC;13.2;2023-03-15 03:10:00.000
Rio San Pedro;11;TC;ºC;13.37;2023-03-15 03:20:00.000
Rio San Pedro;11;TC;ºC;13.42;2023-03-15 03:30:00.000
Rio San Pedro;11;TC;ºC;13.53;2023-03-15 03:40:00.000
Rio San Pedro;11;TC;ºC;13.6;2023-03-15 03:50:00.000
Rio San Pedro;11;TC;ºC;13.44;2023-03-15 04:00:00.000
Rio San Pedro;11;TC;ºC;13.32;2023-03-15 04:10:00.000
Rio San Pedro;11;TC;ºC;13.41;2023-03-15 04:20:00.000
Rio San Pedro;11;TC;ºC;13.31;2023-03-15 04:30:00.000
Rio San Pedro;11;TC;ºC;13.1;2023-03-15 04:40:00.000
Rio San Pedro;11;TC;ºC;13.12;2023-03-15 04:50:00.000
Rio San Pedro;11;TC;ºC;13.16;2023-03-15 05:00:00.000
Rio San Pedro;11;TC;ºC;12.96;2023-03-15 05:10:00.000
Rio San Pedro;11;TC;ºC;13.03;2023-03-15 05:20:00.000
Rio San Pedro;11;TC;ºC;13.17;2023-03-15 05:30:00.000
Rio San Pedro;11;TC;ºC;13.29;2023-03-15 05:40:00.000
Rio San Pedro;11;TC;ºC;13.32;2023-03-15 05:50:00.000
Rio San Pedro;11;TC;ºC;13.45;2023-03-15 06:00:00.000
Rio San Pedro;11;TC;ºC;13.44;2023-03-15 06:10:00.000
Rio San Pedro;11;TC;ºC;13.03;2023-03-15 06:20:00.000
Rio San Pedro;11;TC;ºC;12.75;2023-03-15 06:30:00.000
Rio San Pedro;11;TC;ºC;12.76;2023-03-15 06:40:00.000
Rio San Pedro;11;TC;ºC;12.8;2023-03-15 06:50:00.000
Rio San Pedro;11;TC;ºC;12.77;2023-03-15 07:00:00.000
Rio San Pedro;11;TC;ºC;12.77;2023-03-15 07:10:00.000
Rio San Pedro;11;TC;ºC;12.66;2023-03-15 07:20:00.000
Rio San Pedro;11;TC;ºC;12.92;2023-03-15 07:30:00.000
Rio San Pedro;11;TC;ºC;13.28;2023-03-15 07:40:00.000
Rio San Pedro;11;TC;ºC;13.61;2023-03-15 07:50:00.000
Rio San Pedro;11;TC;ºC;14.05;2023-03-15 08:00:00.000
Rio San Pedro;11;TC;ºC;14.84;2023-03-15 08:10:00.000
Rio San Pedro;11;TC;ºC;15.41;2023-03-15 08:20:00.000
Rio San Pedro;11;TC;ºC;15.88;2023-03-15 08:30:00.000
Rio San Pedro;11;TC;ºC;16.31;2023-03-15 08:40:00.000
Rio San Pedro;11;TC;ºC;16.53;2023-03-15 08:50:00.000
Rio San Pedro;11;TC;ºC;16.85;2023-03-15 09:00:00.000
Rio San Pedro;11;TC;ºC;17.32;2023-03-15 09:10:00.000
Rio San Pedro;11;TC;ºC;17.98;2023-03-15 09:20:00.000
Rio San Pedro;11;TC;ºC;18.89;2023-03-15 09:30:00.000
Rio San Pedro;11;TC;ºC;19.73;2023-03-15 09:40:00.000
Rio San Pedro;11;TC;ºC;20.6;2023-03-15 09:50:00.000
Rio San Pedro;11;TC;ºC;21.1;2023-03-15 10:00:00.000
Rio San Pedro;11;TC;ºC;21.31;2023-03-15 10:10:00.000
Rio San Pedro;11;TC;ºC;21.74;2023-03-15 10:20:00.000
Rio San Pedro;11;TC;ºC;21.9;2023-03-15 10:30:00.000
Rio San Pedro;11;TC;ºC;22.42;2023-03-15 10:40:00.000
Rio San Pedro;11;TC;ºC;22.79;2023-03-15 10:50:00.000
Rio San Pedro;11;TC;ºC;22.73;2023-03-15 11:00:00.000
Rio San Pedro;11;TC;ºC;22.93;2023-03-15 11:10:00.000
Rio San Pedro;11;TC;ºC;23.31;2023-03-15 11:20:00.000
Rio San Pedro;11;TC;ºC;23.55;2023-03-15 11:30:00.000
Rio San Pedro;11;TC;ºC;23.99;2023-03-15 11:40:00.000
Rio San Pedro;11;TC;ºC;23.93;2023-03-15 11:50:00.000
Rio San Pedro;11;TC;ºC;24.08;2023-03-15 12:00:00.000
Rio San Pedro;11;TC;ºC;24.19;2023-03-15 12:10:00.000
Rio San Pedro;11;TC;ºC;24.69;2023-03-15 12:20:00.000
Rio San Pedro;11;TC;ºC;25.06;2023-03-15 12:30:00.000
Rio San Pedro;11;TC;ºC;24.77;2023-03-15 12:40:00.000
Rio San Pedro;11;TC;ºC;24.97;2023-03-15 12:50:00.000
Rio San Pedro;11;TC;ºC;25.03;2023-03-15 13:00:00.000
Rio San Pedro;11;TC;ºC;25.23;2023-03-15 13:10:00.000
Rio San Pedro;11;TC;ºC;25.15;2023-03-15 13:20:00.000
Rio San Pedro;11;TC;ºC;25.34;2023-03-15 13:30:00.000
Rio San Pedro;11;TC;ºC;25.35;2023-03-15 13:40:00.000
Rio San Pedro;11;TC;ºC;25.3;2023-03-15 13:50:00.000
Rio San Pedro;11;TC;ºC;25.27;2023-03-15 14:00:00.000
Rio San Pedro;11;TC;ºC;25.33;2023-03-15 14:10:00.000
Rio San Pedro;11;TC;ºC;25.56;2023-03-15 14:20:00.000
Rio San Pedro;11;TC;ºC;25.89;2023-03-15 14:30:00.000
Rio San Pedro;11;TC;ºC;25.85;2023-03-15 14:40:00.000
Rio San Pedro;11;TC;ºC;25.36;2023-03-15 14:50:00.000
Rio San Pedro;11;TC;ºC;25.34;2023-03-15 15:00:00.000
Rio San Pedro;11;TC;ºC;25.23;2023-03-15 15:10:00.000
Rio San Pedro;11;TC;ºC;25.04;2023-03-15 15:20:00.000
Rio San Pedro;11;TC;ºC;25.02;2023-03-15 15:30:00.000
Rio San Pedro;11;TC;ºC;24.73;2023-03-15 15:40:00.000
Rio San Pedro;11;TC;ºC;24.53;2023-03-15 15:50:00.000
Rio San Pedro;11;TC;ºC;24.43;2023-03-15 16:00:00.000
Rio San Pedro;11;TC;ºC;24.45;2023-03-15 16:10:00.000
Rio San Pedro;11;TC;ºC;24.3;2023-03-15 16:20:00.000
Rio San Pedro;11;TC;ºC;24.26;2023-03-15 16:30:00.000
Rio San Pedro;11;TC;ºC;24.13;2023-03-15 16:40:00.000
Rio San Pedro;11;TC;ºC;24.17;2023-03-15 16:50:00.000
Rio San Pedro;11;TC;ºC;23.8;2023-03-15 17:00:00.000
Rio San Pedro;11;TC;ºC;23.61;2023-03-15 17:10:00.000
Rio San Pedro;11;TC;ºC;23.45;2023-03-15 17:20:00.000
Rio San Pedro;11;TC;ºC;23.42;2023-03-15 17:30:00.000
Rio San Pedro;11;TC;ºC;22.86;2023-03-15 17:40:00.000
Rio San Pedro;11;TC;ºC;22.34;2023-03-15 17:50:00.000
Rio San Pedro;11;TC;ºC;21.9;2023-03-15 18:00:00.000
Rio San Pedro;11;TC;ºC;21.6;2023-03-15 18:10:00.000
Rio San Pedro;11;TC;ºC;21.3;2023-03-15 18:20:00.000
Rio San Pedro;11;TC;ºC;20.97;2023-03-15 18:30:00.000
Rio San Pedro;11;TC;ºC;20.63;2023-03-15 18:40:00.000
Rio San Pedro;11;TC;ºC;20.37;2023-03-15 18:50:00.000
Rio San Pedro;11;TC;ºC;20.23;2023-03-15 19:00:00.000
Rio San Pedro;11;TC;ºC;20.06;2023-03-15 19:10:00.000
Rio San Pedro;11;TC;ºC;19.96;2023-03-15 19:20:00.000
Rio San Pedro;11;TC;ºC;19.88;2023-03-15 19:30:00.000
Rio San Pedro;11;TC;ºC;19.69;2023-03-15 19:40:00.000
Rio San Pedro;11;TC;ºC;19.58;2023-03-15 19:50:00.000
Rio San Pedro;11;TC;ºC;19.5;2023-03-15 20:00:00.000
Rio San Pedro;11;TC;ºC;19.31;2023-03-15 20:10:00.000
Rio San Pedro;11;TC;ºC;19.01;2023-03-15 20:20:00.000
Rio San Pedro;11;TC;ºC;18.84;2023-03-15 20:30:00.000
Rio San Pedro;11;TC;ºC;18.8;2023-03-15 20:40:00.000
Rio San Pedro;11;TC;ºC;18.65;2023-03-15 20:50:00.000
Rio San Pedro;11;TC;ºC;18.45;2023-03-15 21:00:00.000
Rio San Pedro;11;TC;ºC;18.3;2023-03-15 21:10:00.000
Rio San Pedro;11;TC;ºC;18.25;2023-03-15 21:20:00.000
Rio San Pedro;11;TC;ºC;18.21;2023-03-15 21:30:00.000
Rio San Pedro;11;TC;ºC;18.17;2023-03-15 21:40:00.000
Rio San Pedro;11;TC;ºC;18.19;2023-03-15 21:50:00.000
Rio San Pedro;11;TC;ºC;18.16;2023-03-15 22:00:00.000
Rio San Pedro;11;TC;ºC;18.04;2023-03-15 22:10:00.000
Rio San Pedro;11;TC;ºC;17.91;2023-03-15 22:20:00.000
Rio San Pedro;11;TC;ºC;17.89;2023-03-15 22:30:00.000
Rio San Pedro;11;TC;ºC;17.79;2023-03-15 22:40:00.000
Rio San Pedro;11;TC;ºC;17.66;2023-03-15 22:50:00.000
Rio San Pedro;11;TC;ºC;17.59;2023-03-15 23:00:00.000
Rio San Pedro;11;TC;ºC;17.54;2023-03-15 23:10:00.000
Rio San Pedro;11;TC;ºC;17.47;2023-03-15 23:20:00.000
Rio San Pedro;11;TC;ºC;17.4;2023-03-15 23:30:00.000
Rio San Pedro;11;TC;ºC;17.3;2023-03-15 23:40:00.000
Rio San Pedro;11;TC;ºC;17.29;2023-03-15 23:50:00.000
Rio San Pedro;11;TC;ºC;17.26;2023-03-16 00:00:00.000
Rio San Pedro;11;TC;ºC;17.28;2023-03-16 00:10:00.000
Rio San Pedro;11;TC;ºC;17.2;2023-03-16 00:20:00.000
Rio San Pedro;11;TC;ºC;17.17;2023-03-16 00:30:00.000
Rio San Pedro;11;TC;ºC;17.1;2023-03-16 00:40:00.000
Rio San Pedro;11;TC;ºC;17.07;2023-03-16 00:50:00.000
Rio San Pedro;11;TC;ºC;17.11;2023-03-16 01:00:00.000
Rio San Pedro;11;TC;ºC;17.19;2023-03-16 01:10:00.000
Rio San Pedro;11;TC;ºC;17.19;2023-03-16 01:20:00.000
Rio San Pedro;11;TC;ºC;17.17;2023-03-16 01:30:00.000
Rio San Pedro;11;TC;ºC;17.1;2023-03-16 01:40:00.000
Rio San Pedro;11;TC;ºC;17.16;2023-03-16 01:50:00.000
Rio San Pedro;11;TC;ºC;17.07;2023-03-16 02:00:00.000
Rio San Pedro;11;TC;ºC;16.94;2023-03-16 02:10:00.000
Rio San Pedro;11;TC;ºC;16.9;2023-03-16 02:20:00.000
Rio San Pedro;11;TC;ºC;16.9;2023-03-16 02:30:00.000
Rio San Pedro;11;TC;ºC;16.91;2023-03-16 02:40:00.000
Rio San Pedro;11;TC;ºC;17.05;2023-03-16 02:50:00.000
Rio San Pedro;11;TC;ºC;17.1;2023-03-16 03:00:00.000
Rio San Pedro;11;TC;ºC;17.18;2023-03-16 03:10:00.000
Rio San Pedro;11;TC;ºC;17.36;2023-03-16 03:20:00.000
Rio San Pedro;11;TC;ºC;17.31;2023-03-16 03:30:00.000
Rio San Pedro;11;TC;ºC;17.3;2023-03-16 03:40:00.000
Rio San Pedro;11;TC;ºC;17.26;2023-03-16 03:50:00.000
Rio San Pedro;11;TC;ºC;17.2;2023-03-16 04:00:00.000
Rio San Pedro;11;TC;ºC;17.2;2023-03-16 04:10:00.000
Rio San Pedro;11;TC;ºC;17.14;2023-03-16 04:20:00.000
Rio San Pedro;11;TC;ºC;17.2;2023-03-16 04:30:00.000
Rio San Pedro;11;TC;ºC;17.3;2023-03-16 04:40:00.000
Rio San Pedro;11;TC;ºC;17.32;2023-03-16 04:50:00.000
Rio San Pedro;11;TC;ºC;17.39;2023-03-16 05:00:00.000
Rio San Pedro;11;TC;ºC;17.38;2023-03-16 05:10:00.000
Rio San Pedro;11;TC;ºC;17.48;2023-03-16 05:20:00.000
Rio San Pedro;11;TC;ºC;17.51;2023-03-16 05:30:00.000
Rio San Pedro;11;TC;ºC;17.47;2023-03-16 05:40:00.000
Rio San Pedro;11;TC;ºC;17.45;2023-03-16 05:50:00.000
Rio San Pedro;11;TC;ºC;17.5;2023-03-16 06:00:00.000
Rio San Pedro;11;TC;ºC;17.44;2023-03-16 06:10:00.000
Rio San Pedro;11;TC;ºC;17.38;2023-03-16 06:20:00.000
Rio San Pedro;11;TC;ºC;17.26;2023-03-16 06:30:00.000
Rio San Pedro;11;TC;ºC;17.27;2023-03-16 06:40:00.000
Rio San Pedro;11;TC;ºC;17.3;2023-03-16 06:50:00.000
Rio San Pedro;11;TC;ºC;17.4;2023-03-16 07:00:00.000
Rio San Pedro;11;TC;ºC;17.51;2023-03-16 07:10:00.000
Rio San Pedro;11;TC;ºC;17.64;2023-03-16 07:20:00.000
Rio San Pedro;11;TC;ºC;17.84;2023-03-16 07:30:00.000
Rio San Pedro;11;TC;ºC;18.01;2023-03-16 07:40:00.000
Rio San Pedro;11;TC;ºC;18.26;2023-03-16 07:50:00.000
Rio San Pedro;11;TC;ºC;18.41;2023-03-16 08:00:00.000
Rio San Pedro;11;TC;ºC;18.57;2023-03-16 08:10:00.000
Rio San Pedro;11;TC;ºC;18.78;2023-03-16 08:20:00.000
Rio San Pedro;11;TC;ºC;19.03;2023-03-16 08:30:00.000
Rio San Pedro;11;TC;ºC;19.27;2023-03-16 08:40:00.000
Rio San Pedro;11;TC;ºC;19.51;2023-03-16 08:50:00.000
Rio San Pedro;11;TC;ºC;19.78;2023-03-16 09:00:00.000
Rio San Pedro;11;TC;ºC;19.95;2023-03-16 09:10:00.000
Rio San Pedro;11;TC;ºC;20.38;2023-03-16 09:20:00.000
Rio San Pedro;11;TC;ºC;20.71;2023-03-16 09:30:00.000
Rio San Pedro;11;TC;ºC;20.89;2023-03-16 09:40:00.000
Rio San Pedro;11;TC;ºC;21.21;2023-03-16 09:50:00.000
Rio San Pedro;11;TC;ºC;21.5;2023-03-16 10:00:00.000
Rio San Pedro;11;TC;ºC;21.83;2023-03-16 10:10:00.000
Rio San Pedro;11;TC;ºC;21.91;2023-03-16 10:20:00.000
Rio San Pedro;11;TC;ºC;22.23;2023-03-16 10:30:00.000
Rio San Pedro;11;TC;ºC;22.37;2023-03-16 10:40:00.000
Rio San Pedro;11;TC;ºC;22.67;2023-03-16 10:50:00.000
Rio San Pedro;11;TC;ºC;23.04;2023-03-16 11:00:00.000
Rio San Pedro;11;TC;ºC;23.36;2023-03-16 11:10:00.000
Rio San Pedro;11;TC;ºC;23.43;2023-03-16 11:20:00.000
Rio San Pedro;11;TC;ºC;23.6;2023-03-16 11:30:00.000
Rio San Pedro;11;TC;ºC;23.62;2023-03-16 11:40:00.000
Rio San Pedro;11;TC;ºC;23.54;2023-03-16 11:50:00.000
Rio San Pedro;11;TC;ºC;23.55;2023-03-16 12:00:00.000
Rio San Pedro;11;TC;ºC;23.8;2023-03-16 12:10:00.000
Rio San Pedro;11;TC;ºC;24.13;2023-03-16 12:20:00.000
Rio San Pedro;11;TC;ºC;24.41;2023-03-16 12:30:00.000
Rio San Pedro;11;TC;ºC;24.42;2023-03-16 12:40:00.000
Rio San Pedro;11;TC;ºC;24.44;2023-03-16 12:50:00.000
Rio San Pedro;11;TC;ºC;24.4;2023-03-16 13:00:00.000
Rio San Pedro;11;TC;ºC;24.72;2023-03-16 13:10:00.000
Rio San Pedro;11;TC;ºC;25.06;2023-03-16 13:20:00.000
Rio San Pedro;11;TC;ºC;24.68;2023-03-16 13:30:00.000
Rio San Pedro;11;TC;ºC;24.21;2023-03-16 13:40:00.000
Rio San Pedro;11;TC;ºC;24.29;2023-03-16 13:50:00.000
Rio San Pedro;11;TC;ºC;24.09;2023-03-16 14:00:00.000
Rio San Pedro;11;TC;ºC;24.28;2023-03-16 14:10:00.000
Rio San Pedro;11;TC;ºC;23.95;2023-03-16 14:20:00.000
Rio San Pedro;11;TC;ºC;23.07;2023-03-16 14:30:00.000
Rio San Pedro;11;TC;ºC;23.0;2023-03-16 14:40:00.000
Rio San Pedro;11;TC;ºC;23.0;2023-03-16 14:50:00.000
Rio San Pedro;11;TC;ºC;22.83;2023-03-16 15:00:00.000
Rio San Pedro;11;TC;ºC;22.65;2023-03-16 15:10:00.000
Rio San Pedro;11;TC;ºC;22.97;2023-03-16 15:20:00.000
Rio San Pedro;11;TC;ºC;23.2;2023-03-16 15:30:00.000
Rio San Pedro;11;TC;ºC;23.0;2023-03-16 15:40:00.000
Rio San Pedro;11;TC;ºC;23.05;2023-03-16 15:50:00.000
Rio San Pedro;11;TC;ºC;22.35;2023-03-16 16:00:00.000
Rio San Pedro;11;TC;ºC;21.66;2023-03-16 16:10:00.000
Rio San Pedro;11;TC;ºC;20.98;2023-03-16 16:20:00.000
Rio San Pedro;11;TC;ºC;20.58;2023-03-16 16:30:00.000
Rio San Pedro;11;TC;ºC;20.49;2023-03-16 16:40:00.000
Rio San Pedro;11;TC;ºC;20.74;2023-03-16 16:50:00.000
Rio San Pedro;11;TC;ºC;20.46;2023-03-16 17:00:00.000
Rio San Pedro;11;TC;ºC;20.23;2023-03-16 17:10:00.000
Rio San Pedro;11;TC;ºC;19.69;2023-03-16 17:20:00.000
Rio San Pedro;11;TC;ºC;19.1;2023-03-16 17:30:00.000
Rio San Pedro;11;TC;ºC;18.51;2023-03-16 17:40:00.000
Rio San Pedro;11;TC;ºC;18.0;2023-03-16 17:50:00.000
Rio San Pedro;11;TC;ºC;17.79;2023-03-16 18:00:00.000
Rio San Pedro;11;TC;ºC;17.6;2023-03-16 18:10:00.000
Rio San Pedro;11;TC;ºC;17.51;2023-03-16 18:20:00.000
Rio San Pedro;11;TC;ºC;17.5;2023-03-16 18:30:00.000
Rio San Pedro;11;TC;ºC;17.5;2023-03-16 18:40:00.000
Rio San Pedro;11;TC;ºC;17.39;2023-03-16 18:50:00.000
Rio San Pedro;11;TC;ºC;17.3;2023-03-16 19:00:00.000
Rio San Pedro;11;TC;ºC;17.23;2023-03-16 19:10:00.000
Rio San Pedro;11;TC;ºC;17.2;2023-03-16 19:20:00.000
Rio San Pedro;11;TC;ºC;17.14;2023-03-16 19:30:00.000
Rio San Pedro;11;TC;ºC;17.1;2023-03-16 19:40:00.000
Rio San Pedro;11;TC;ºC;17.04;2023-03-16 19:50:00.000
Rio San Pedro;11;TC;ºC;16.99;2023-03-16 20:00:00.000
Rio San Pedro;11;TC;ºC;16.9;2023-03-16 20:10:00.000
Rio San Pedro;11;TC;ºC;16.86;2023-03-16 20:20:00.000
Rio San Pedro;11;TC;ºC;16.89;2023-03-16 20:30:00.000
Rio San Pedro;11;TC;ºC;16.9;2023-03-16 20:40:00.000
Rio San Pedro;11;TC;ºC;16.83;2023-03-16 20:50:00.000
Rio San Pedro;11;TC;ºC;16.8;2023-03-16 21:00:00.000
Rio San Pedro;11;TC;ºC;16.81;2023-03-16 21:10:00.000
Rio San Pedro;11;TC;ºC;16.7;2023-03-16 21:20:00.000
Rio San Pedro;11;TC;ºC;16.64;2023-03-16 21:30:00.000
Rio San Pedro;11;TC;ºC;16.62;2023-03-16 21:40:00.000
Rio San Pedro;11;TC;ºC;16.6;2023-03-16 21:50:00.000
Rio San Pedro;11;TC;ºC;16.51;2023-03-16 22:00:00.000
Rio San Pedro;11;TC;ºC;16.42;2023-03-16 22:10:00.000
Rio San Pedro;11;TC;ºC;16.4;2023-03-16 22:20:00.000
Rio San Pedro;11;TC;ºC;16.37;2023-03-16 22:30:00.000
Rio San Pedro;11;TC;ºC;16.34;2023-03-16 22:40:00.000
Rio San Pedro;11;TC;ºC;16.4;2023-03-16 22:50:00.000
Rio San Pedro;11;TC;ºC;16.4;2023-03-16 23:00:00.000
Rio San Pedro;11;TC;ºC;16.44;2023-03-16 23:10:00.000
Rio San Pedro;11;TC;ºC;16.43;2023-03-16 23:20:00.000
Rio San Pedro;11;TC;ºC;16.53;2023-03-16 23:30:00.000
Rio San Pedro;11;TC;ºC;16.67;2023-03-16 23:40:00.000
Rio San Pedro;11;TC;ºC;16.77;2023-03-16 23:50:00.000
Rio San Pedro;11;TC;ºC;16.72;2023-03-17 00:00:00.000
Rio San Pedro;11;TC;ºC;16.77;2023-03-17 00:10:00.000
Rio San Pedro;11;TC;ºC;16.8;2023-03-17 00:20:00.000
Rio San Pedro;11;TC;ºC;16.77;2023-03-17 00:30:00.000
Rio San Pedro;11;TC;ºC;16.59;2023-03-17 00:40:00.000
Rio San Pedro;11;TC;ºC;16.59;2023-03-17 00:50:00.000
Rio San Pedro;11;TC;ºC;16.53;2023-03-17 01:00:00.000
Rio San Pedro;11;TC;ºC;16.51;2023-03-17 01:10:00.000
Rio San Pedro;11;TC;ºC;16.5;2023-03-17 01:20:00.000
Rio San Pedro;11;TC;ºC;16.38;2023-03-17 01:30:00.000
Rio San Pedro;11;TC;ºC;16.48;2023-03-17 01:40:00.000
Rio San Pedro;11;TC;ºC;16.51;2023-03-17 01:50:00.000
Rio San Pedro;11;TC;ºC;16.61;2023-03-17 02:00:00.000
Rio San Pedro;11;TC;ºC;16.64;2023-03-17 02:10:00.000
Rio San Pedro;11;TC;ºC;16.66;2023-03-17 02:20:00.000
Rio San Pedro;11;TC;ºC;16.61;2023-03-17 02:30:00.000
Rio San Pedro;11;TC;ºC;16.68;2023-03-17 02:40:00.000
Rio San Pedro;11;TC;ºC;16.63;2023-03-17 02:50:00.000
Rio San Pedro;11;TC;ºC;16.68;2023-03-17 03:00:00.000
Rio San Pedro;11;TC;ºC;16.52;2023-03-17 03:10:00.000
Rio San Pedro;11;TC;ºC;16.56;2023-03-17 03:20:00.000
Rio San Pedro;11;TC;ºC;16.2;2023-03-17 03:30:00.000
Rio San Pedro;11;TC;ºC;15.86;2023-03-17 03:40:00.000
Rio San Pedro;11;TC;ºC;15.67;2023-03-17 03:50:00.000
Rio San Pedro;11;TC;ºC;15.53;2023-03-17 04:00:00.000
Rio San Pedro;11;TC;ºC;15.61;2023-03-17 04:10:00.000
Rio San Pedro;11;TC;ºC;15.75;2023-03-17 04:20:00.000
Rio San Pedro;11;TC;ºC;15.66;2023-03-17 04:30:00.000
Rio San Pedro;11;TC;ºC;15.58;2023-03-17 04:40:00.000
Rio San Pedro;11;TC;ºC;15.47;2023-03-17 04:50:00.000
Rio San Pedro;11;TC;ºC;15.5;2023-03-17 05:00:00.000
Rio San Pedro;11;TC;ºC;15.49;2023-03-17 05:10:00.000
Rio San Pedro;11;TC;ºC;15.12;2023-03-17 05:20:00.000
Rio San Pedro;11;TC;ºC;15.03;2023-03-17 05:30:00.000
Rio San Pedro;11;TC;ºC;15.04;2023-03-17 05:40:00.000
Rio San Pedro;11;TC;ºC;14.98;2023-03-17 05:50:00.000
Rio San Pedro;11;TC;ºC;14.97;2023-03-17 06:00:00.000
Rio San Pedro;11;TC;ºC;15.12;2023-03-17 06:10:00.000
Rio San Pedro;11;TC;ºC;14.98;2023-03-17 06:20:00.000
Rio San Pedro;11;TC;ºC;14.93;2023-03-17 06:30:00.000
Rio San Pedro;11;TC;ºC;14.97;2023-03-17 06:40:00.000
Rio San Pedro;11;TC;ºC;15.02;2023-03-17 06:50:00.000
Rio San Pedro;11;TC;ºC;15.12;2023-03-17 07:00:00.000
Rio San Pedro;11;TC;ºC;15.28;2023-03-17 07:10:00.000
Rio San Pedro;11;TC;ºC;15.35;2023-03-17 07:20:00.000
Rio San Pedro;11;TC;ºC;15.38;2023-03-17 07:30:00.000
Rio San Pedro;11;TC;ºC;15.51;2023-03-17 07:40:00.000
Rio San Pedro;11;TC;ºC;15.7;2023-03-17 07:50:00.000
Rio San Pedro;11;TC;ºC;16.1;2023-03-17 08:00:00.000
Rio San Pedro;11;TC;ºC;16.52;2023-03-17 08:10:00.000
Rio San Pedro;11;TC;ºC;16.68;2023-03-17 08:20:00.000
Rio San Pedro;11;TC;ºC;16.59;2023-03-17 08:30:00.000
Rio San Pedro;11;TC;ºC;16.52;2023-03-17 08:40:00.000
Rio San Pedro;11;TC;ºC;16.62;2023-03-17 08:50:00.000
Rio San Pedro;11;TC;ºC;16.61;2023-03-17 09:00:00.000
Rio San Pedro;11;TC;ºC;16.8;2023-03-17 09:10:00.000
Rio San Pedro;11;TC;ºC;17.47;2023-03-17 09:20:00.000
Rio San Pedro;11;TC;ºC;18.3;2023-03-17 09:30:00.000
Rio San Pedro;11;TC;ºC;18.55;2023-03-17 09:40:00.000
Rio San Pedro;11;TC;ºC;18.61;2023-03-17 09:50:00.000
Rio San Pedro;11;TC;ºC;18.64;2023-03-17 10:00:00.000
Rio San Pedro;11;TC;ºC;18.45;2023-03-17 10:10:00.000
Rio San Pedro;11;TC;ºC;18.42;2023-03-17 10:20:00.000
Rio San Pedro;11;TC;ºC;18.32;2023-03-17 10:30:00.000
Rio San Pedro;11;TC;ºC;18.35;2023-03-17 10:40:00.000
Rio San Pedro;11;TC;ºC;18.43;2023-03-17 10:50:00.000
Rio San Pedro;11;TC;ºC;18.51;2023-03-17 11:00:00.000
Rio San Pedro;11;TC;ºC;18.73;2023-03-17 11:10:00.000
Rio San Pedro;11;TC;ºC;18.91;2023-03-17 11:20:00.000
Rio San Pedro;11;TC;ºC;18.72;2023-03-17 11:30:00.000
Rio San Pedro;11;TC;ºC;18.97;2023-03-17 11:40:00.000
Rio San Pedro;11;TC;ºC;18.84;2023-03-17 11:50:00.000
Rio San Pedro;11;TC;ºC;19.29;2023-03-17 12:00:00.000
Rio San Pedro;11;TC;ºC;19.17;2023-03-17 12:10:00.000
Rio San Pedro;11;TC;ºC;19.4;2023-03-17 12:20:00.000
Rio San Pedro;11;TC;ºC;19.59;2023-03-17 12:30:00.000
Rio San Pedro;11;TC;ºC;19.53;2023-03-17 12:40:00.000
Rio San Pedro;11;TC;ºC;19.44;2023-03-17 12:50:00.000
Rio San Pedro;11;TC;ºC;19.57;2023-03-17 13:00:00.000
Rio San Pedro;11;TC;ºC;19.75;2023-03-17 13:10:00.000
Rio San Pedro;11;TC;ºC;19.52;2023-03-17 13:20:00.000
Rio San Pedro;11;TC;ºC;19.68;2023-03-17 13:30:00.000
Rio San Pedro;11;TC;ºC;19.45;2023-03-17 13:40:00.000
Rio San Pedro;11;TC;ºC;19.68;2023-03-17 13:50:00.000
Rio San Pedro;11;TC;ºC;19.97;2023-03-17 14:00:00.000
Rio San Pedro;11;TC;ºC;19.95;2023-03-17 14:10:00.000
Rio San Pedro;11;TC;ºC;20.06;2023-03-17 14:20:00.000
Rio San Pedro;11;TC;ºC;20.06;2023-03-17 14:30:00.000
Rio San Pedro;11;TC;ºC;19.86;2023-03-17 14:40:00.000
Rio San Pedro;11;TC;ºC;19.67;2023-03-17 14:50:00.000
Rio San Pedro;11;TC;ºC;19.64;2023-03-17 15:00:00.000
Rio San Pedro;11;TC;ºC;19.49;2023-03-17 15:10:00.000
Rio San Pedro;11;TC;ºC;19.2;2023-03-17 15:20:00.000
Rio San Pedro;11;TC;ºC;19.54;2023-03-17 15:30:00.000
Rio San Pedro;11;TC;ºC;19.24;2023-03-17 15:40:00.000
Rio San Pedro;11;TC;ºC;18.74;2023-03-17 15:50:00.000
Rio San Pedro;11;TC;ºC;18.89;2023-03-17 16:00:00.000
Rio San Pedro;11;TC;ºC;18.87;2023-03-17 16:10:00.000
Rio San Pedro;11;TC;ºC;18.52;2023-03-17 16:20:00.000
Rio San Pedro;11;TC;ºC;18.44;2023-03-17 16:30:00.000
Rio San Pedro;11;TC;ºC;18.41;2023-03-17 16:40:00.000
Rio San Pedro;11;TC;ºC;18.96;2023-03-17 16:50:00.000
Rio San Pedro;11;TC;ºC;19.02;2023-03-17 17:00:00.000
Rio San Pedro;11;TC;ºC;18.42;2023-03-17 17:10:00.000
Rio San Pedro;11;TC;ºC;18.11;2023-03-17 17:20:00.000
Rio San Pedro;11;TC;ºC;18.02;2023-03-17 17:30:00.000
Rio San Pedro;11;TC;ºC;17.9;2023-03-17 17:40:00.000
Rio San Pedro;11;TC;ºC;18.09;2023-03-17 17:50:00.000
Rio San Pedro;11;TC;ºC;18.15;2023-03-17 18:00:00.000
Rio San Pedro;11;TC;ºC;17.91;2023-03-17 18:10:00.000
Rio San Pedro;11;TC;ºC;17.8;2023-03-17 18:20:00.000
Rio San Pedro;11;TC;ºC;17.64;2023-03-17 18:30:00.000
Rio San Pedro;11;TC;ºC;17.52;2023-03-17 18:40:00.000
Rio San Pedro;11;TC;ºC;17.4;2023-03-17 18:50:00.000
Rio San Pedro;11;TC;ºC;17.33;2023-03-17 19:00:00.000
Rio San Pedro;11;TC;ºC;17.29;2023-03-17 19:10:00.000
Rio San Pedro;11;TC;ºC;17.25;2023-03-17 19:20:00.000
Rio San Pedro;11;TC;ºC;17.15;2023-03-17 19:30:00.000
Rio San Pedro;11;TC;ºC;17.13;2023-03-17 19:40:00.000
Rio San Pedro;11;TC;ºC;17.1;2023-03-17 19:50:00.000
Rio San Pedro;11;TC;ºC;17.0;2023-03-17 20:00:00.000
Rio San Pedro;11;TC;ºC;17.01;2023-03-17 20:10:00.000
Rio San Pedro;11;TC;ºC;17.01;2023-03-17 20:20:00.000
Rio San Pedro;11;TC;ºC;16.99;2023-03-17 20:30:00.000
Rio San Pedro;11;TC;ºC;17.01;2023-03-17 20:40:00.000
Rio San Pedro;11;TC;ºC;16.97;2023-03-17 20:50:00.000
Rio San Pedro;11;TC;ºC;16.97;2023-03-17 21:00:00.000
Rio San Pedro;11;TC;ºC;17.02;2023-03-17 21:10:00.000
Rio San Pedro;11;TC;ºC;16.99;2023-03-17 21:20:00.000
Rio San Pedro;11;TC;ºC;16.99;2023-03-17 21:30:00.000
Rio San Pedro;11;TC;ºC;17.0;2023-03-17 21:40:00.000
Rio San Pedro;11;TC;ºC;17.09;2023-03-17 21:50:00.000
Rio San Pedro;11;TC;ºC;17.1;2023-03-17 22:00:00.000
Rio San Pedro;11;TC;ºC;17.15;2023-03-17 22:10:00.000
Rio San Pedro;11;TC;ºC;17.12;2023-03-17 22:20:00.000
Rio San Pedro;11;TC;ºC;17.11;2023-03-17 22:30:00.000
Rio San Pedro;11;TC;ºC;17.1;2023-03-17 22:40:00.000
Rio San Pedro;11;TC;ºC;17.06;2023-03-17 22:50:00.000
Rio San Pedro;11;TC;ºC;17.07;2023-03-17 23:00:00.000
Rio San Pedro;11;TC;ºC;17.17;2023-03-17 23:10:00.000
Rio San Pedro;11;TC;ºC;17.22;2023-03-17 23:20:00.000
Rio San Pedro;11;TC;ºC;17.28;2023-03-17 23:30:00.000
Rio San Pedro;11;TC;ºC;17.27;2023-03-17 23:40:00.000
Rio San Pedro;11;TC;ºC;17.19;2023-03-17 23:50:00.000
Rio San Pedro;11;TC;ºC;17.08;2023-03-18 00:00:00.000
Rio San Pedro;11;TC;ºC;17.04;2023-03-18 00:10:00.000
Rio San Pedro;11;TC;ºC;17.03;2023-03-18 00:20:00.000
Rio San Pedro;11;TC;ºC;17.03;2023-03-18 00:30:00.000
Rio San Pedro;11;TC;ºC;17.02;2023-03-18 00:40:00.000
Rio San Pedro;11;TC;ºC;16.98;2023-03-18 00:50:00.000
Rio San Pedro;11;TC;ºC;16.81;2023-03-18 01:00:00.000
Rio San Pedro;11;TC;ºC;16.78;2023-03-18 01:10:00.000
Rio San Pedro;11;TC;ºC;16.72;2023-03-18 01:20:00.000
Rio San Pedro;11;TC;ºC;16.65;2023-03-18 01:30:00.000
Rio San Pedro;11;TC;ºC;16.7;2023-03-18 01:40:00.000
Rio San Pedro;11;TC;ºC;16.65;2023-03-18 01:50:00.000
Rio San Pedro;11;TC;ºC;16.62;2023-03-18 02:00:00.000
Rio San Pedro;11;TC;ºC;16.59;2023-03-18 02:10:00.000
Rio San Pedro;11;TC;ºC;16.58;2023-03-18 02:20:00.000
Rio San Pedro;11;TC;ºC;16.51;2023-03-18 02:30:00.000
Rio San Pedro;11;TC;ºC;16.45;2023-03-18 02:40:00.000
Rio San Pedro;11;TC;ºC;16.38;2023-03-18 02:50:00.000
Rio San Pedro;11;TC;ºC;16.37;2023-03-18 03:00:00.000
Rio San Pedro;11;TC;ºC;16.33;2023-03-18 03:10:00.000
Rio San Pedro;11;TC;ºC;16.32;2023-03-18 03:20:00.000
Rio San Pedro;11;TC;ºC;16.25;2023-03-18 03:30:00.000
Rio San Pedro;11;TC;ºC;16.23;2023-03-18 03:40:00.000
Rio San Pedro;11;TC;ºC;16.23;2023-03-18 03:50:00.000
Rio San Pedro;11;TC;ºC;16.13;2023-03-18 04:00:00.000
Rio San Pedro;11;TC;ºC;16.07;2023-03-18 04:10:00.000
Rio San Pedro;11;TC;ºC;16.02;2023-03-18 04:20:00.000
Rio San Pedro;11;TC;ºC;15.98;2023-03-18 04:30:00.000
Rio San Pedro;11;TC;ºC;15.92;2023-03-18 04:40:00.000
Rio San Pedro;11;TC;ºC;15.91;2023-03-18 04:50:00.000
Rio San Pedro;11;TC;ºC;15.91;2023-03-18 05:00:00.000
Rio San Pedro;11;TC;ºC;15.95;2023-03-18 05:10:00.000
Rio San Pedro;11;TC;ºC;15.91;2023-03-18 05:20:00.000
Rio San Pedro;11;TC;ºC;15.86;2023-03-18 05:30:00.000
Rio San Pedro;11;TC;ºC;15.88;2023-03-18 05:40:00.000
Rio San Pedro;11;TC;ºC;15.79;2023-03-18 05:50:00.000
Rio San Pedro;11;TC;ºC;15.67;2023-03-18 06:00:00.000
Rio San Pedro;11;TC;ºC;15.63;2023-03-18 06:10:00.000
Rio San Pedro;11;TC;ºC;15.49;2023-03-18 06:20:00.000
Rio San Pedro;11;TC;ºC;15.3;2023-03-18 06:30:00.000
Rio San Pedro;11;TC;ºC;15.22;2023-03-18 06:40:00.000
Rio San Pedro;11;TC;ºC;14.98;2023-03-18 06:50:00.000
Rio San Pedro;11;TC;ºC;14.95;2023-03-18 07:00:00.000
Rio San Pedro;11;TC;ºC;15.18;2023-03-18 07:10:00.000
Rio San Pedro;11;TC;ºC;15.25;2023-03-18 07:20:00.000
Rio San Pedro;11;TC;ºC;15.24;2023-03-18 07:30:00.000
Rio San Pedro;11;TC;ºC;15.6;2023-03-18 07:40:00.000
Rio San Pedro;11;TC;ºC;15.85;2023-03-18 07:50:00.000
Rio San Pedro;11;TC;ºC;15.85;2023-03-18 08:00:00.000
Rio San Pedro;11;TC;ºC;15.95;2023-03-18 08:10:00.000
Rio San Pedro;11;TC;ºC;16.03;2023-03-18 08:20:00.000
Rio San Pedro;11;TC;ºC;16.05;2023-03-18 08:30:00.000
Rio San Pedro;11;TC;ºC;16.23;2023-03-18 08:40:00.000
Rio San Pedro;11;TC;ºC;16.66;2023-03-18 08:50:00.000
Rio San Pedro;11;TC;ºC;17.0;2023-03-18 09:00:00.000
Rio San Pedro;11;TC;ºC;16.98;2023-03-18 09:10:00.000
Rio San Pedro;11;TC;ºC;17.16;2023-03-18 09:20:00.000
Rio San Pedro;11;TC;ºC;17.31;2023-03-18 09:30:00.000
Rio San Pedro;11;TC;ºC;17.29;2023-03-18 09:40:00.000
Rio San Pedro;11;TC;ºC;17.4;2023-03-18 09:50:00.000
Rio San Pedro;11;TC;ºC;17.3;2023-03-18 10:00:00.000
Rio San Pedro;11;TC;ºC;17.18;2023-03-18 10:10:00.000
Rio San Pedro;11;TC;ºC;17.18;2023-03-18 10:20:00.000
Rio San Pedro;11;TC;ºC;17.12;2023-03-18 10:30:00.000
Rio San Pedro;11;TC;ºC;17.34;2023-03-18 10:40:00.000
Rio San Pedro;11;TC;ºC;17.45;2023-03-18 10:50:00.000
Rio San Pedro;11;TC;ºC;17.53;2023-03-18 11:00:00.000
Rio San Pedro;11;TC;ºC;17.46;2023-03-18 11:10:00.000
Rio San Pedro;11;TC;ºC;17.74;2023-03-18 11:20:00.000
Rio San Pedro;11;TC;ºC;17.71;2023-03-18 11:30:00.000
Rio San Pedro;11;TC;ºC;17.81;2023-03-18 11:40:00.000
Rio San Pedro;11;TC;ºC;18.1;2023-03-18 11:50:00.000
Rio San Pedro;11;TC;ºC;18.24;2023-03-18 12:00:00.000
Rio San Pedro;11;TC;ºC;18.24;2023-03-18 12:10:00.000
Rio San Pedro;11;TC;ºC;18.18;2023-03-18 12:20:00.000
Rio San Pedro;11;TC;ºC;18.22;2023-03-18 12:30:00.000
Rio San Pedro;11;TC;ºC;18.13;2023-03-18 12:40:00.000
Rio San Pedro;11;TC;ºC;18.34;2023-03-18 12:50:00.000
Rio San Pedro;11;TC;ºC;18.42;2023-03-18 13:00:00.000
Rio San Pedro;11;TC;ºC;18.43;2023-03-18 13:10:00.000
Rio San Pedro;11;TC;ºC;18.35;2023-03-18 13:20:00.000
Rio San Pedro;11;TC;ºC;18.39;2023-03-18 13:30:00.000
Rio San Pedro;11;TC;ºC;18.28;2023-03-18 13:40:00.000
Rio San Pedro;11;TC;ºC;18.4;2023-03-18 13:50:00.000
Rio San Pedro;11;TC;ºC;18.12;2023-03-18 14:00:00.000
Rio San Pedro;11;TC;ºC;18.15;2023-03-18 14:10:00.000
Rio San Pedro;11;TC;ºC;18.41;2023-03-18 14:20:00.000
Rio San Pedro;11;TC;ºC;18.37;2023-03-18 14:30:00.000
Rio San Pedro;11;TC;ºC;18.36;2023-03-18 14:40:00.000
Rio San Pedro;11;TC;ºC;18.57;2023-03-18 14:50:00.000
Rio San Pedro;11;TC;ºC;18.42;2023-03-18 15:00:00.000
Rio San Pedro;11;TC;ºC;18.55;2023-03-18 15:10:00.000
Rio San Pedro;11;TC;ºC;18.36;2023-03-18 15:20:00.000
Rio San Pedro;11;TC;ºC;18.54;2023-03-18 15:30:00.000
Rio San Pedro;11;TC;ºC;18.8;2023-03-18 15:40:00.000
Rio San Pedro;11;TC;ºC;18.94;2023-03-18 15:50:00.000
Rio San Pedro;11;TC;ºC;19.22;2023-03-18 16:00:00.000
Rio San Pedro;11;TC;ºC;19.3;2023-03-18 16:10:00.000
Rio San Pedro;11;TC;ºC;19.23;2023-03-18 16:20:00.000
Rio San Pedro;11;TC;ºC;19.19;2023-03-18 16:30:00.000
Rio San Pedro;11;TC;ºC;19.27;2023-03-18 16:40:00.000
Rio San Pedro;11;TC;ºC;19.31;2023-03-18 16:50:00.000
Rio San Pedro;11;TC;ºC;19.13;2023-03-18 17:00:00.000
Rio San Pedro;11;TC;ºC;18.9;2023-03-18 17:10:00.000
Rio San Pedro;11;TC;ºC;18.78;2023-03-18 17:20:00.000
Rio San Pedro;11;TC;ºC;18.43;2023-03-18 17:30:00.000
Rio San Pedro;11;TC;ºC;18.47;2023-03-18 17:40:00.000
Rio San Pedro;11;TC;ºC;18.17;2023-03-18 17:50:00.000
Rio San Pedro;11;TC;ºC;18.08;2023-03-18 18:00:00.000
Rio San Pedro;11;TC;ºC;17.99;2023-03-18 18:10:00.000
Rio San Pedro;11;TC;ºC;17.72;2023-03-18 18:20:00.000
Rio San Pedro;11;TC;ºC;17.54;2023-03-18 18:30:00.000
Rio San Pedro;11;TC;ºC;17.4;2023-03-18 18:40:00.000
Rio San Pedro;11;TC;ºC;17.37;2023-03-18 18:50:00.000
Rio San Pedro;11;TC;ºC;17.29;2023-03-18 19:00:00.000
Rio San Pedro;11;TC;ºC;17.22;2023-03-18 19:10:00.000
Rio San Pedro;11;TC;ºC;17.21;2023-03-18 19:20:00.000
Rio San Pedro;11;TC;ºC;17.19;2023-03-18 19:30:00.000
Rio San Pedro;11;TC;ºC;17.17;2023-03-18 19:40:00.000
Rio San Pedro;11;TC;ºC;17.2;2023-03-18 19:50:00.000
Rio San Pedro;11;TC;ºC;17.2;2023-03-18 20:00:00.000
Rio San Pedro;11;TC;ºC;17.23;2023-03-18 20:10:00.000
Rio San Pedro;11;TC;ºC;17.25;2023-03-18 20:20:00.000
Rio San Pedro;11;TC;ºC;17.28;2023-03-18 20:30:00.000
Rio San Pedro;11;TC;ºC;17.31;2023-03-18 20:40:00.000
Rio San Pedro;11;TC;ºC;17.3;2023-03-18 20:50:00.000
Rio San Pedro;11;TC;ºC;17.33;2023-03-18 21:00:00.000
Rio San Pedro;11;TC;ºC;17.35;2023-03-18 21:10:00.000
Rio San Pedro;11;TC;ºC;17.37;2023-03-18 21:20:00.000
Rio San Pedro;11;TC;ºC;17.33;2023-03-18 21:30:00.000
Rio San Pedro;11;TC;ºC;17.34;2023-03-18 21:40:00.000
Rio San Pedro;11;TC;ºC;17.25;2023-03-18 21:50:00.000
Rio San Pedro;11;TC;ºC;17.07;2023-03-18 22:00:00.000
Rio San Pedro;11;TC;ºC;17.0;2023-03-18 22:10:00.000
Rio San Pedro;11;TC;ºC;16.94;2023-03-18 22:20:00.000
Rio San Pedro;11;TC;ºC;16.9;2023-03-18 22:30:00.000
Rio San Pedro;11;TC;ºC;16.81;2023-03-18 22:40:00.000
Rio San Pedro;11;TC;ºC;16.76;2023-03-18 22:50:00.000
Rio San Pedro;11;TC;ºC;16.67;2023-03-18 23:00:00.000
Rio San Pedro;11;TC;ºC;16.56;2023-03-18 23:10:00.000
Rio San Pedro;11;TC;ºC;16.32;2023-03-18 23:20:00.000
Rio San Pedro;11;TC;ºC;16.14;2023-03-18 23:30:00.000
Rio San Pedro;11;TC;ºC;16.01;2023-03-18 23:40:00.000
Rio San Pedro;11;TC;ºC;15.98;2023-03-18 23:50:00.000
Rio San Pedro;11;TC;ºC;15.83;2023-03-19 00:00:00.000
Rio San Pedro;11;TC;ºC;15.76;2023-03-19 00:10:00.000
Rio San Pedro;11;TC;ºC;15.57;2023-03-19 00:20:00.000
Rio San Pedro;11;TC;ºC;15.42;2023-03-19 00:30:00.000
Rio San Pedro;11;TC;ºC;15.14;2023-03-19 00:40:00.000
Rio San Pedro;11;TC;ºC;14.7;2023-03-19 00:50:00.000
Rio San Pedro;11;TC;ºC;14.2;2023-03-19 01:00:00.000
Rio San Pedro;11;TC;ºC;14.52;2023-03-19 01:10:00.000
Rio San Pedro;11;TC;ºC;14.73;2023-03-19 01:20:00.000
Rio San Pedro;11;TC;ºC;14.8;2023-03-19 01:30:00.000
Rio San Pedro;11;TC;ºC;14.79;2023-03-19 01:40:00.000
Rio San Pedro;11;TC;ºC;14.55;2023-03-19 01:50:00.000
Rio San Pedro;11;TC;ºC;14.44;2023-03-19 02:00:00.000
Rio San Pedro;11;TC;ºC;14.56;2023-03-19 02:10:00.000
Rio San Pedro;11;TC;ºC;14.45;2023-03-19 02:20:00.000
Rio San Pedro;11;TC;ºC;13.89;2023-03-19 02:30:00.000
Rio San Pedro;11;TC;ºC;13.77;2023-03-19 02:40:00.000
Rio San Pedro;11;TC;ºC;13.93;2023-03-19 02:50:00.000
Rio San Pedro;11;TC;ºC;13.97;2023-03-19 03:00:00.000
Rio San Pedro;11;TC;ºC;13.82;2023-03-19 03:10:00.000
Rio San Pedro;11;TC;ºC;13.66;2023-03-19 03:20:00.000
Rio San Pedro;11;TC;ºC;13.56;2023-03-19 03:30:00.000
Rio San Pedro;11;TC;ºC;13.48;2023-03-19 03:40:00.000
Rio San Pedro;11;TC;ºC;13.55;2023-03-19 03:50:00.000
Rio San Pedro;11;TC;ºC;13.46;2023-03-19 04:00:00.000
Rio San Pedro;11;TC;ºC;13.31;2023-03-19 04:10:00.000
Rio San Pedro;11;TC;ºC;13.29;2023-03-19 04:20:00.000
Rio San Pedro;11;TC;ºC;13.09;2023-03-19 04:30:00.000
Rio San Pedro;11;TC;ºC;12.8;2023-03-19 04:40:00.000
Rio San Pedro;11;TC;ºC;12.69;2023-03-19 04:50:00.000
Rio San Pedro;11;TC;ºC;12.57;2023-03-19 05:00:00.000
Rio San Pedro;11;TC;ºC;12.32;2023-03-19 05:10:00.000
Rio San Pedro;11;TC;ºC;12.2;2023-03-19 05:20:00.000
Rio San Pedro;11;TC;ºC;12.14;2023-03-19 05:30:00.000
Rio San Pedro;11;TC;ºC;12.08;2023-03-19 05:40:00.000
Rio San Pedro;11;TC;ºC;11.86;2023-03-19 05:50:00.000
Rio San Pedro;11;TC;ºC;11.61;2023-03-19 06:00:00.000
Rio San Pedro;11;TC;ºC;11.44;2023-03-19 06:10:00.000
Rio San Pedro;11;TC;ºC;11.29;2023-03-19 06:20:00.000
Rio San Pedro;11;TC;ºC;11.22;2023-03-19 06:30:00.000
Rio San Pedro;11;TC;ºC;11.29;2023-03-19 06:40:00.000
Rio San Pedro;11;TC;ºC;11.46;2023-03-19 06:50:00.000
Rio San Pedro;11;TC;ºC;12.03;2023-03-19 07:00:00.000
Rio San Pedro;11;TC;ºC;12.62;2023-03-19 07:10:00.000
Rio San Pedro;11;TC;ºC;12.92;2023-03-19 07:20:00.000
Rio San Pedro;11;TC;ºC;13.37;2023-03-19 07:30:00.000
Rio San Pedro;11;TC;ºC;13.79;2023-03-19 07:40:00.000
Rio San Pedro;11;TC;ºC;13.97;2023-03-19 07:50:00.000
Rio San Pedro;11;TC;ºC;14.4;2023-03-19 08:00:00.000
Rio San Pedro;11;TC;ºC;15.05;2023-03-19 08:10:00.000
Rio San Pedro;11;TC;ºC;15.88;2023-03-19 08:20:00.000
Rio San Pedro;11;TC;ºC;16.35;2023-03-19 08:30:00.000
Rio San Pedro;11;TC;ºC;16.85;2023-03-19 08:40:00.000
Rio San Pedro;11;TC;ºC;17.23;2023-03-19 08:50:00.000
Rio San Pedro;11;TC;ºC;17.54;2023-03-19 09:00:00.000
Rio San Pedro;11;TC;ºC;17.83;2023-03-19 09:10:00.000
Rio San Pedro;11;TC;ºC;17.98;2023-03-19 09:20:00.000
Rio San Pedro;11;TC;ºC;18.06;2023-03-19 09:30:00.000
Rio San Pedro;11;TC;ºC;18.24;2023-03-19 09:40:00.000
Rio San Pedro;11;TC;ºC;18.6;2023-03-19 09:50:00.000
Rio San Pedro;11;TC;ºC;18.81;2023-03-19 10:00:00.000
Rio San Pedro;11;TC;ºC;19.2;2023-03-19 10:10:00.000
Rio San Pedro;11;TC;ºC;19.55;2023-03-19 10:20:00.000
Rio San Pedro;11;TC;ºC;19.73;2023-03-19 10:30:00.000
Rio San Pedro;11;TC;ºC;20.03;2023-03-19 10:40:00.000
Rio San Pedro;11;TC;ºC;20.57;2023-03-19 10:50:00.000
Rio San Pedro;11;TC;ºC;20.91;2023-03-19 11:00:00.000
Rio San Pedro;11;TC;ºC;21.11;2023-03-19 11:10:00.000
Rio San Pedro;11;TC;ºC;21.48;2023-03-19 11:20:00.000
Rio San Pedro;11;TC;ºC;21.77;2023-03-19 11:30:00.000
Rio San Pedro;11;TC;ºC;22.09;2023-03-19 11:40:00.000
Rio San Pedro;11;TC;ºC;22.47;2023-03-19 11:50:00.000
Rio San Pedro;11;TC;ºC;22.94;2023-03-19 12:00:00.000
Rio San Pedro;11;TC;ºC;23.21;2023-03-19 12:10:00.000
Rio San Pedro;11;TC;ºC;23.34;2023-03-19 12:20:00.000
Rio San Pedro;11;TC;ºC;23.58;2023-03-19 12:30:00.000
Rio San Pedro;11;TC;ºC;23.76;2023-03-19 12:40:00.000
Rio San Pedro;11;TC;ºC;24.28;2023-03-19 12:50:00.000
Rio San Pedro;11;TC;ºC;24.48;2023-03-19 13:00:00.000
Rio San Pedro;11;TC;ºC;24.45;2023-03-19 13:10:00.000
Rio San Pedro;11;TC;ºC;24.67;2023-03-19 13:20:00.000
Rio San Pedro;11;TC;ºC;25.03;2023-03-19 13:30:00.000
Rio San Pedro;11;TC;ºC;25.28;2023-03-19 13:40:00.000
Rio San Pedro;11;TC;ºC;25.18;2023-03-19 13:50:00.000
Rio San Pedro;11;TC;ºC;25.12;2023-03-19 14:00:00.000
Rio San Pedro;11;TC;ºC;25.29;2023-03-19 14:10:00.000
Rio San Pedro;11;TC;ºC;25.48;2023-03-19 14:20:00.000
Rio San Pedro;11;TC;ºC;25.64;2023-03-19 14:30:00.000
Rio San Pedro;11;TC;ºC;25.65;2023-03-19 14:40:00.000
Rio San Pedro;11;TC;ºC;25.87;2023-03-19 14:50:00.000
Rio San Pedro;11;TC;ºC;25.61;2023-03-19 15:00:00.000
Rio San Pedro;11;TC;ºC;25.85;2023-03-19 15:10:00.000
Rio San Pedro;11;TC;ºC;23.75;2023-03-19 15:20:00.000
Rio San Pedro;11;TC;ºC;23.75;2023-03-19 15:30:00.000
Rio San Pedro;11;TC;ºC;23.68;2023-03-19 15:40:00.000
Rio San Pedro;11;TC;ºC;23.23;2023-03-19 15:50:00.000
Rio San Pedro;11;TC;ºC;23.48;2023-03-19 16:00:00.000
Rio San Pedro;11;TC;ºC;23.15;2023-03-19 16:10:00.000
Rio San Pedro;11;TC;ºC;22.88;2023-03-19 16:20:00.000
Rio San Pedro;11;TC;ºC;22.71;2023-03-19 16:30:00.000
Rio San Pedro;11;TC;ºC;22.42;2023-03-19 16:40:00.000
Rio San Pedro;11;TC;ºC;22.19;2023-03-19 16:50:00.000
Rio San Pedro;11;TC;ºC;22.17;2023-03-19 17:00:00.000
Rio San Pedro;11;TC;ºC;21.7;2023-03-19 17:10:00.000
Rio San Pedro;11;TC;ºC;21.58;2023-03-19 17:20:00.000
Rio San Pedro;11;TC;ºC;21.22;2023-03-19 17:30:00.000
Rio San Pedro;11;TC;ºC;21.29;2023-03-19 17:40:00.000
Rio San Pedro;11;TC;ºC;21.07;2023-03-19 17:50:00.000
Rio San Pedro;11;TC;ºC;20.73;2023-03-19 18:00:00.000
Rio San Pedro;11;TC;ºC;20.69;2023-03-19 18:10:00.000
Rio San Pedro;11;TC;ºC;20.07;2023-03-19 18:20:00.000
Rio San Pedro;11;TC;ºC;19.75;2023-03-19 18:30:00.000
Rio San Pedro;11;TC;ºC;19.36;2023-03-19 18:40:00.000
Rio San Pedro;11;TC;ºC;19.19;2023-03-19 18:50:00.000
Rio San Pedro;11;TC;ºC;19.11;2023-03-19 19:00:00.000
Rio San Pedro;11;TC;ºC;19.22;2023-03-19 19:10:00.000
Rio San Pedro;11;TC;ºC;19.42;2023-03-19 19:20:00.000
Rio San Pedro;11;TC;ºC;19.3;2023-03-19 19:30:00.000
Rio San Pedro;11;TC;ºC;18.91;2023-03-19 19:40:00.000
Rio San Pedro;11;TC;ºC;18.76;2023-03-19 19:50:00.000
Rio San Pedro;11;TC;ºC;18.5;2023-03-19 20:00:00.000
Rio San Pedro;11;TC;ºC;17.97;2023-03-19 20:10:00.000
Rio San Pedro;11;TC;ºC;17.87;2023-03-19 20:20:00.000
Rio San Pedro;11;TC;ºC;17.53;2023-03-19 20:30:00.000
Rio San Pedro;11;TC;ºC;17.33;2023-03-19 20:40:00.000
Rio San Pedro;11;TC;ºC;17.18;2023-03-19 20:50:00.000
Rio San Pedro;11;TC;ºC;17.08;2023-03-19 21:00:00.000
Rio San Pedro;11;TC;ºC;17.15;2023-03-19 21:10:00.000
Rio San Pedro;11;TC;ºC;17.08;2023-03-19 21:20:00.000
Rio San Pedro;11;TC;ºC;17.11;2023-03-19 21:30:00.000
Rio San Pedro;11;TC;ºC;17.1;2023-03-19 21:40:00.000
Rio San Pedro;11;TC;ºC;16.92;2023-03-19 21:50:00.000
Rio San Pedro;11;TC;ºC;16.74;2023-03-19 22:00:00.000
Rio San Pedro;11;TC;ºC;16.58;2023-03-19 22:10:00.000
Rio San Pedro;11;TC;ºC;16.48;2023-03-19 22:20:00.000
Rio San Pedro;11;TC;ºC;16.44;2023-03-19 22:30:00.000
Rio San Pedro;11;TC;ºC;16.34;2023-03-19 22:40:00.000
Rio San Pedro;11;TC;ºC;16.2;2023-03-19 22:50:00.000
Rio San Pedro;11;TC;ºC;16.14;2023-03-19 23:00:00.000
Rio San Pedro;11;TC;ºC;16.01;2023-03-19 23:10:00.000
Rio San Pedro;11;TC;ºC;16.08;2023-03-19 23:20:00.000
Rio San Pedro;11;TC;ºC;16.17;2023-03-19 23:30:00.000
Rio San Pedro;11;TC;ºC;16.2;2023-03-19 23:40:00.000
Rio San Pedro;11;TC;ºC;16.23;2023-03-19 23:50:00.000
